#
# There is insufficient memory for the Java Runtime Environment to continue.
# Native memory allocation (malloc) failed to allocate 131088 bytes. Error detail: Chunk::new
# Possible reasons:
#   The system is out of physical RAM or swap space
#   This process is running with CompressedOops enabled, and the Java Heap may be blocking the growth of the native heap
# Possible solutions:
#   Reduce memory load on the system
#   Increase physical memory or swap space
#   Check if swap backing store is full
#   Decrease Java heap size (-Xmx/-Xms)
#   Decrease number of Java threads
#   Decrease Java thread stack sizes (-Xss)
#   Set larger code cache with -XX:ReservedCodeCacheSize=
#   JVM is running with Unscaled Compressed Oops mode in which the Java heap is
#     placed in the first 4GB address space. The Java Heap base address is the
#     maximum limit for the native heap growth. Please use -XX:HeapBaseMinAddress
#     to set the Java Heap base and to place the Java Heap above 4GB virtual address.
# This output file may be truncated or incomplete.
#
#  Out of Memory Error (arena.cpp:168), pid=18672, tid=15240
#
# JRE version: OpenJDK Runtime Environment (21.0.3) (build 21.0.3+-12282718-b509.11)
# Java VM: OpenJDK 64-Bit Server VM (21.0.3+-12282718-b509.11, mixed mode, tiered, compressed oops, compressed class ptrs, g1 gc, windows-amd64)
# No core dump will be written. Minidumps are not enabled by default on client versions of Windows
#

---------------  S U M M A R Y ------------

Command Line: --add-opens=java.base/java.util=ALL-UNNAMED --add-opens=java.base/java.lang=ALL-UNNAMED --add-opens=java.base/java.lang.invoke=ALL-UNNAMED --add-opens=java.prefs/java.util.prefs=ALL-UNNAMED --add-exports=jdk.compiler/com.sun.tools.javac.api=ALL-UNNAMED --add-exports=jdk.compiler/com.sun.tools.javac.util=ALL-UNNAMED --add-opens=java.base/java.nio.charset=ALL-UNNAMED --add-opens=java.base/java.net=ALL-UNNAMED --add-opens=java.base/java.util.concurrent.atomic=ALL-UNNAMED -Xmx2048m -Dfile.encoding=UTF-8 -Duser.country=IN -Duser.language=en -Duser.variant -javaagent:C:\Users\kasth\.gradle\wrapper\dists\gradle-8.9-bin\90cnw93cvbtalezasaz0blq0a\gradle-8.9\lib\agents\gradle-instrumentation-agent-8.9.jar org.gradle.launcher.daemon.bootstrap.GradleDaemon 8.9

Host: AMD Ryzen 5 5500U with Radeon Graphics         , 12 cores, 5G,  Windows 11 , 64 bit Build 22621 (10.0.22621.4391)
Time: Sun Dec 29 06:40:05 2024 India Standard Time elapsed time: 36.984704 seconds (0d 0h 0m 36s)

---------------  T H R E A D  ---------------

Current thread (0x000001759eac81f0):  JavaThread "C2 CompilerThread0" daemon [_thread_in_native, id=15240, stack(0x000000030cf00000,0x000000030d000000) (1024K)]


Current CompileTask:
C2:  36984 9667 %     4       org.gradle.internal.instantiation.generator.AbstractClassGenerator::inspectType @ 107 (560 bytes)

Stack: [0x000000030cf00000,0x000000030d000000]
Native frames: (J=compiled Java code, j=interpreted, Vv=VM code, C=native code)
V  [jvm.dll+0x6cafb9]
V  [jvm.dll+0x858523]
V  [jvm.dll+0x85aa7e]
V  [jvm.dll+0x85b163]
V  [jvm.dll+0x27d356]
V  [jvm.dll+0xbf93d]
V  [jvm.dll+0xbfe73]
V  [jvm.dll+0xbfa65]
V  [jvm.dll+0x6f08fd]
V  [jvm.dll+0x247d24]
V  [jvm.dll+0x245fce]
V  [jvm.dll+0x1c5804]
V  [jvm.dll+0x25575c]
V  [jvm.dll+0x253c36]
V  [jvm.dll+0x3ec996]
V  [jvm.dll+0x800d78]
V  [jvm.dll+0x6c98cd]
C  [ucrtbase.dll+0x29333]
C  [KERNEL32.DLL+0x1259d]
C  [ntdll.dll+0x5af38]


---------------  P R O C E S S  ---------------

Threads class SMR info:
_java_thread_list=0x00000175a4c2ffb0, length=101, elements={
0x0000017584b52f30, 0x000001759eadd870, 0x000001759eac11e0, 0x000001759eae6400,
0x000001759eac6ea0, 0x000001759eac7510, 0x000001759eac7b80, 0x000001759eac81f0,
0x000001759eacb060, 0x000001759eb7eb10, 0x00000175a30acef0, 0x00000175a46f75c0,
0x00000175a49b2e60, 0x00000175a48dfa10, 0x000001759ed08e40, 0x00000175a39ad930,
0x000001759ed9ab40, 0x00000175a3d941f0, 0x00000175a3d886f0, 0x00000175a3d88d80,
0x00000175a3d88060, 0x00000175a3d89410, 0x00000175a3d89aa0, 0x00000175a3d8a130,
0x00000175a3d86cb0, 0x00000175a3d879d0, 0x00000175a53e3c20, 0x00000175a53e4940,
0x00000175a53e3590, 0x00000175a53e4fd0, 0x00000175a53e2870, 0x00000175a53e2f00,
0x00000175a53e5660, 0x00000175a53e42b0, 0x00000175a53e21e0, 0x00000175a5281430,
0x00000175a5284f40, 0x00000175a5286980, 0x00000175a5281ac0, 0x00000175a5284220,
0x00000175a52848b0, 0x00000175a5287010, 0x00000175a5280da0, 0x00000175a5282150,
0x00000175a5285c60, 0x00000175a52855d0, 0x00000175a52827e0, 0x00000175a5283b90,
0x00000175a5282e70, 0x00000175a71387b0, 0x00000175a7132bd0, 0x00000175a71338f0,
0x00000175a7133f80, 0x00000175a7134ca0, 0x00000175a7135330, 0x00000175a7134610,
0x00000175a71366e0, 0x00000175a71359c0, 0x00000175a7136050, 0x00000175a7133260,
0x00000175a7131820, 0x00000175a7136d70, 0x00000175a7132540, 0x00000175a7137400,
0x00000175a7137a90, 0x00000175a7138e40, 0x00000175a7131eb0, 0x00000175a76fafb0,
0x00000175a76fe430, 0x00000175a76f74a0, 0x00000175a76fa290, 0x00000175a76f7b30,
0x00000175a76fa920, 0x00000175a76f8ee0, 0x00000175a76fb640, 0x00000175a76fbcd0,
0x00000175a76f9570, 0x00000175a76fc9f0, 0x00000175a76f9c00, 0x00000175a76fd080,
0x00000175a710e7a0, 0x00000175a7108bc0, 0x00000175a710e110, 0x00000175a710b320,
0x00000175a710ee30, 0x00000175a7109250, 0x00000175a710c040, 0x00000175a710d3f0,
0x00000175a71101e0, 0x00000175a71098e0, 0x00000175a710f4c0, 0x00000175a710fb50,
0x00000175a7109f70, 0x00000175a710a600, 0x00000175a710b9b0, 0x00000175a710da80,
0x00000175a710ac90, 0x00000175a710c6d0, 0x00000175a710cd60, 0x00000175a7894a60,
0x00000175a7897ee0
}

Java Threads: ( => current thread )
  0x0000017584b52f30 JavaThread "main"                              [_thread_blocked, id=16768, stack(0x000000030c100000,0x000000030c200000) (1024K)]
  0x000001759eadd870 JavaThread "Reference Handler"          daemon [_thread_blocked, id=12128, stack(0x000000030c900000,0x000000030ca00000) (1024K)]
  0x000001759eac11e0 JavaThread "Finalizer"                  daemon [_thread_blocked, id=17628, stack(0x000000030ca00000,0x000000030cb00000) (1024K)]
  0x000001759eae6400 JavaThread "Signal Dispatcher"          daemon [_thread_blocked, id=15896, stack(0x000000030cb00000,0x000000030cc00000) (1024K)]
  0x000001759eac6ea0 JavaThread "Attach Listener"            daemon [_thread_blocked, id=14276, stack(0x000000030cc00000,0x000000030cd00000) (1024K)]
  0x000001759eac7510 JavaThread "Service Thread"             daemon [_thread_blocked, id=13596, stack(0x000000030cd00000,0x000000030ce00000) (1024K)]
  0x000001759eac7b80 JavaThread "Monitor Deflation Thread"   daemon [_thread_blocked, id=22180, stack(0x000000030ce00000,0x000000030cf00000) (1024K)]
=>0x000001759eac81f0 JavaThread "C2 CompilerThread0"         daemon [_thread_in_native, id=15240, stack(0x000000030cf00000,0x000000030d000000) (1024K)]
  0x000001759eacb060 JavaThread "C1 CompilerThread0"         daemon [_thread_blocked, id=6756, stack(0x000000030d000000,0x000000030d100000) (1024K)]
  0x000001759eb7eb10 JavaThread "Common-Cleaner"             daemon [_thread_blocked, id=15752, stack(0x000000030d100000,0x000000030d200000) (1024K)]
  0x00000175a30acef0 JavaThread "Notification Thread"        daemon [_thread_blocked, id=12124, stack(0x000000030d200000,0x000000030d300000) (1024K)]
  0x00000175a46f75c0 JavaThread "Daemon health stats"               [_thread_blocked, id=5508, stack(0x000000030d700000,0x000000030d800000) (1024K)]
  0x00000175a49b2e60 JavaThread "Incoming local TCP Connector on port 54548"        [_thread_in_native, id=4592, stack(0x000000030d800000,0x000000030d900000) (1024K)]
  0x00000175a48dfa10 JavaThread "Daemon periodic checks"            [_thread_blocked, id=20728, stack(0x000000030de00000,0x000000030df00000) (1024K)]
  0x000001759ed08e40 JavaThread "Daemon"                            [_thread_blocked, id=14788, stack(0x000000030df00000,0x000000030e000000) (1024K)]
  0x00000175a39ad930 JavaThread "Handler for socket connection from /127.0.0.1:54548 to /127.0.0.1:54551"        [_thread_in_native, id=8688, stack(0x000000030e000000,0x000000030e100000) (1024K)]
  0x000001759ed9ab40 JavaThread "Cancel handler"                    [_thread_blocked, id=20756, stack(0x000000030e100000,0x000000030e200000) (1024K)]
  0x00000175a3d941f0 JavaThread "Daemon worker"                     [_thread_in_Java, id=9348, stack(0x000000030e200000,0x000000030e300000) (1024K)]
  0x00000175a3d886f0 JavaThread "Asynchronous log dispatcher for DefaultDaemonConnection: socket connection from /127.0.0.1:54548 to /127.0.0.1:54551"        [_thread_blocked, id=13680, stack(0x000000030e300000,0x000000030e400000) (1024K)]
  0x00000175a3d88d80 JavaThread "Stdin handler"                     [_thread_blocked, id=22656, stack(0x000000030e400000,0x000000030e500000) (1024K)]
  0x00000175a3d88060 JavaThread "Daemon client event forwarder"        [_thread_blocked, id=18448, stack(0x000000030e500000,0x000000030e600000) (1024K)]
  0x00000175a3d89410 JavaThread "Cache worker for journal cache (C:\Users\kasth\.gradle\caches\journal-1)"        [_thread_blocked, id=13356, stack(0x000000030e800000,0x000000030e900000) (1024K)]
  0x00000175a3d89aa0 JavaThread "File lock request listener"        [_thread_in_native, id=15496, stack(0x000000030e900000,0x000000030ea00000) (1024K)]
  0x00000175a3d8a130 JavaThread "File lock release action executor"        [_thread_blocked, id=22864, stack(0x000000030ea00000,0x000000030eb00000) (1024K)]
  0x00000175a3d86cb0 JavaThread "Cache worker for file hash cache (C:\Users\kasth\.gradle\caches\8.9\fileHashes)"        [_thread_blocked, id=13020, stack(0x000000030eb00000,0x000000030ec00000) (1024K)]
  0x00000175a3d879d0 JavaThread "Cache worker for file hash cache (C:\Users\kasth\AndroidStudioProjects\NavigatioinDrawerr\.gradle\8.9\fileHashes)"        [_thread_blocked, id=14740, stack(0x000000030ec00000,0x000000030ed00000) (1024K)]
  0x00000175a53e3c20 JavaThread "Cache worker for Build Output Cleanup Cache (C:\Users\kasth\AndroidStudioProjects\NavigatioinDrawerr\.gradle\buildOutputCleanup)"        [_thread_blocked, id=10976, stack(0x000000030ed00000,0x000000030ee00000) (1024K)]
  0x00000175a53e4940 JavaThread "File watcher server"        daemon [_thread_in_native, id=16968, stack(0x000000030ee00000,0x000000030ef00000) (1024K)]
  0x00000175a53e3590 JavaThread "File watcher consumer"      daemon [_thread_blocked, id=1032, stack(0x000000030ef00000,0x000000030f000000) (1024K)]
  0x00000175a53e4fd0 JavaThread "jar transforms"                    [_thread_blocked, id=7968, stack(0x000000030f000000,0x000000030f100000) (1024K)]
  0x00000175a53e2870 JavaThread "jar transforms Thread 2"           [_thread_blocked, id=14764, stack(0x000000030f100000,0x000000030f200000) (1024K)]
  0x00000175a53e2f00 JavaThread "jar transforms Thread 3"           [_thread_blocked, id=21620, stack(0x000000030f200000,0x000000030f300000) (1024K)]
  0x00000175a53e5660 JavaThread "jar transforms Thread 4"           [_thread_blocked, id=12508, stack(0x000000030f300000,0x000000030f400000) (1024K)]
  0x00000175a53e42b0 JavaThread "jar transforms Thread 5"           [_thread_blocked, id=10224, stack(0x000000030f400000,0x000000030f500000) (1024K)]
  0x00000175a53e21e0 JavaThread "jar transforms Thread 6"           [_thread_blocked, id=11736, stack(0x000000030f500000,0x000000030f600000) (1024K)]
  0x00000175a5281430 JavaThread "jar transforms Thread 7"           [_thread_blocked, id=5312, stack(0x000000030f600000,0x000000030f700000) (1024K)]
  0x00000175a5284f40 JavaThread "jar transforms Thread 8"           [_thread_blocked, id=22172, stack(0x000000030f700000,0x000000030f800000) (1024K)]
  0x00000175a5286980 JavaThread "jar transforms Thread 9"           [_thread_blocked, id=23340, stack(0x000000030f800000,0x000000030f900000) (1024K)]
  0x00000175a5281ac0 JavaThread "jar transforms Thread 10"          [_thread_blocked, id=3120, stack(0x000000030f900000,0x000000030fa00000) (1024K)]
  0x00000175a5284220 JavaThread "jar transforms Thread 11"          [_thread_blocked, id=22284, stack(0x000000030fa00000,0x000000030fb00000) (1024K)]
  0x00000175a52848b0 JavaThread "jar transforms Thread 12"          [_thread_blocked, id=12752, stack(0x000000030fb00000,0x000000030fc00000) (1024K)]
  0x00000175a5287010 JavaThread "Cache worker for checksums cache (C:\Users\kasth\AndroidStudioProjects\NavigatioinDrawerr\.gradle\8.9\checksums)"        [_thread_blocked, id=15648, stack(0x000000030fe00000,0x000000030ff00000) (1024K)]
  0x00000175a5280da0 JavaThread "Cache worker for file content cache (C:\Users\kasth\.gradle\caches\8.9\fileContent)"        [_thread_blocked, id=2116, stack(0x000000030ff00000,0x0000000310000000) (1024K)]
  0x00000175a5282150 JavaThread "Cache worker for cache directory md-rule (C:\Users\kasth\.gradle\caches\8.9\md-rule)"        [_thread_blocked, id=22572, stack(0x0000000310000000,0x0000000310100000) (1024K)]
  0x00000175a5285c60 JavaThread "File lock release action executor Thread 2"        [_thread_blocked, id=17680, stack(0x0000000310100000,0x0000000310200000) (1024K)]
  0x00000175a52855d0 JavaThread "Cache worker for cache directory md-supplier (C:\Users\kasth\.gradle\caches\8.9\md-supplier)"        [_thread_blocked, id=6232, stack(0x0000000310200000,0x0000000310300000) (1024K)]
  0x00000175a52827e0 JavaThread "Unconstrained build operations"        [_thread_blocked, id=12076, stack(0x000000030fc00000,0x000000030fd00000) (1024K)]
  0x00000175a5283b90 JavaThread "Unconstrained build operations Thread 2"        [_thread_blocked, id=2768, stack(0x000000030fd00000,0x000000030fe00000) (1024K)]
  0x00000175a5282e70 JavaThread "Unconstrained build operations Thread 3"        [_thread_blocked, id=3784, stack(0x0000000310300000,0x0000000310400000) (1024K)]
  0x00000175a71387b0 JavaThread "Unconstrained build operations Thread 4"        [_thread_blocked, id=2852, stack(0x0000000310400000,0x0000000310500000) (1024K)]
  0x00000175a7132bd0 JavaThread "Unconstrained build operations Thread 5"        [_thread_blocked, id=4976, stack(0x0000000310500000,0x0000000310600000) (1024K)]
  0x00000175a71338f0 JavaThread "Unconstrained build operations Thread 6"        [_thread_blocked, id=4684, stack(0x0000000310600000,0x0000000310700000) (1024K)]
  0x00000175a7133f80 JavaThread "Unconstrained build operations Thread 7"        [_thread_blocked, id=8268, stack(0x0000000310700000,0x0000000310800000) (1024K)]
  0x00000175a7134ca0 JavaThread "Unconstrained build operations Thread 8"        [_thread_blocked, id=18132, stack(0x0000000310800000,0x0000000310900000) (1024K)]
  0x00000175a7135330 JavaThread "Unconstrained build operations Thread 9"        [_thread_blocked, id=19740, stack(0x0000000310900000,0x0000000310a00000) (1024K)]
  0x00000175a7134610 JavaThread "Unconstrained build operations Thread 10"        [_thread_blocked, id=10788, stack(0x0000000310a00000,0x0000000310b00000) (1024K)]
  0x00000175a71366e0 JavaThread "Unconstrained build operations Thread 11"        [_thread_blocked, id=8748, stack(0x0000000310b00000,0x0000000310c00000) (1024K)]
  0x00000175a71359c0 JavaThread "Unconstrained build operations Thread 12"        [_thread_blocked, id=10524, stack(0x0000000310c00000,0x0000000310d00000) (1024K)]
  0x00000175a7136050 JavaThread "Unconstrained build operations Thread 13"        [_thread_blocked, id=2824, stack(0x0000000310d00000,0x0000000310e00000) (1024K)]
  0x00000175a7133260 JavaThread "Unconstrained build operations Thread 14"        [_thread_blocked, id=12188, stack(0x0000000310e00000,0x0000000310f00000) (1024K)]
  0x00000175a7131820 JavaThread "Unconstrained build operations Thread 15"        [_thread_blocked, id=23020, stack(0x0000000310f00000,0x0000000311000000) (1024K)]
  0x00000175a7136d70 JavaThread "Unconstrained build operations Thread 16"        [_thread_blocked, id=18092, stack(0x0000000311000000,0x0000000311100000) (1024K)]
  0x00000175a7132540 JavaThread "Unconstrained build operations Thread 17"        [_thread_blocked, id=11972, stack(0x0000000311100000,0x0000000311200000) (1024K)]
  0x00000175a7137400 JavaThread "Unconstrained build operations Thread 18"        [_thread_blocked, id=17476, stack(0x0000000311200000,0x0000000311300000) (1024K)]
  0x00000175a7137a90 JavaThread "Unconstrained build operations Thread 19"        [_thread_blocked, id=20148, stack(0x0000000311300000,0x0000000311400000) (1024K)]
  0x00000175a7138e40 JavaThread "Unconstrained build operations Thread 20"        [_thread_blocked, id=12092, stack(0x0000000311400000,0x0000000311500000) (1024K)]
  0x00000175a7131eb0 JavaThread "Unconstrained build operations Thread 21"        [_thread_blocked, id=20668, stack(0x0000000311500000,0x0000000311600000) (1024K)]
  0x00000175a76fafb0 JavaThread "Unconstrained build operations Thread 22"        [_thread_blocked, id=13328, stack(0x0000000311600000,0x0000000311700000) (1024K)]
  0x00000175a76fe430 JavaThread "Unconstrained build operations Thread 23"        [_thread_blocked, id=2728, stack(0x0000000311700000,0x0000000311800000) (1024K)]
  0x00000175a76f74a0 JavaThread "Unconstrained build operations Thread 24"        [_thread_blocked, id=3028, stack(0x0000000311800000,0x0000000311900000) (1024K)]
  0x00000175a76fa290 JavaThread "Unconstrained build operations Thread 25"        [_thread_blocked, id=2100, stack(0x0000000311900000,0x0000000311a00000) (1024K)]
  0x00000175a76f7b30 JavaThread "Unconstrained build operations Thread 26"        [_thread_blocked, id=15668, stack(0x0000000311a00000,0x0000000311b00000) (1024K)]
  0x00000175a76fa920 JavaThread "Unconstrained build operations Thread 27"        [_thread_blocked, id=7140, stack(0x0000000311b00000,0x0000000311c00000) (1024K)]
  0x00000175a76f8ee0 JavaThread "Unconstrained build operations Thread 28"        [_thread_blocked, id=22484, stack(0x0000000311c00000,0x0000000311d00000) (1024K)]
  0x00000175a76fb640 JavaThread "Unconstrained build operations Thread 29"        [_thread_blocked, id=9068, stack(0x0000000311d00000,0x0000000311e00000) (1024K)]
  0x00000175a76fbcd0 JavaThread "Unconstrained build operations Thread 30"        [_thread_blocked, id=17756, stack(0x0000000311e00000,0x0000000311f00000) (1024K)]
  0x00000175a76f9570 JavaThread "Unconstrained build operations Thread 31"        [_thread_blocked, id=4296, stack(0x0000000311f00000,0x0000000312000000) (1024K)]
  0x00000175a76fc9f0 JavaThread "Unconstrained build operations Thread 32"        [_thread_blocked, id=16264, stack(0x0000000312000000,0x0000000312100000) (1024K)]
  0x00000175a76f9c00 JavaThread "Unconstrained build operations Thread 33"        [_thread_blocked, id=22464, stack(0x0000000312100000,0x0000000312200000) (1024K)]
  0x00000175a76fd080 JavaThread "Unconstrained build operations Thread 34"        [_thread_blocked, id=15544, stack(0x0000000312200000,0x0000000312300000) (1024K)]
  0x00000175a710e7a0 JavaThread "Unconstrained build operations Thread 35"        [_thread_blocked, id=20968, stack(0x0000000312300000,0x0000000312400000) (1024K)]
  0x00000175a7108bc0 JavaThread "Unconstrained build operations Thread 36"        [_thread_blocked, id=2272, stack(0x0000000312400000,0x0000000312500000) (1024K)]
  0x00000175a710e110 JavaThread "Unconstrained build operations Thread 37"        [_thread_blocked, id=17928, stack(0x0000000312500000,0x0000000312600000) (1024K)]
  0x00000175a710b320 JavaThread "Unconstrained build operations Thread 38"        [_thread_blocked, id=21164, stack(0x0000000312600000,0x0000000312700000) (1024K)]
  0x00000175a710ee30 JavaThread "Unconstrained build operations Thread 39"        [_thread_blocked, id=20992, stack(0x0000000312700000,0x0000000312800000) (1024K)]
  0x00000175a7109250 JavaThread "Unconstrained build operations Thread 40"        [_thread_blocked, id=16724, stack(0x0000000312800000,0x0000000312900000) (1024K)]
  0x00000175a710c040 JavaThread "Unconstrained build operations Thread 41"        [_thread_blocked, id=9952, stack(0x0000000312900000,0x0000000312a00000) (1024K)]
  0x00000175a710d3f0 JavaThread "Unconstrained build operations Thread 42"        [_thread_blocked, id=18320, stack(0x0000000312a00000,0x0000000312b00000) (1024K)]
  0x00000175a71101e0 JavaThread "Unconstrained build operations Thread 43"        [_thread_blocked, id=15052, stack(0x0000000312b00000,0x0000000312c00000) (1024K)]
  0x00000175a71098e0 JavaThread "Unconstrained build operations Thread 44"        [_thread_blocked, id=3236, stack(0x0000000312c00000,0x0000000312d00000) (1024K)]
  0x00000175a710f4c0 JavaThread "Unconstrained build operations Thread 45"        [_thread_blocked, id=18988, stack(0x0000000312d00000,0x0000000312e00000) (1024K)]
  0x00000175a710fb50 JavaThread "Unconstrained build operations Thread 46"        [_thread_blocked, id=16752, stack(0x0000000312e00000,0x0000000312f00000) (1024K)]
  0x00000175a7109f70 JavaThread "Unconstrained build operations Thread 47"        [_thread_blocked, id=13192, stack(0x0000000312f00000,0x0000000313000000) (1024K)]
  0x00000175a710a600 JavaThread "Unconstrained build operations Thread 48"        [_thread_blocked, id=10688, stack(0x0000000313000000,0x0000000313100000) (1024K)]
  0x00000175a710b9b0 JavaThread "Unconstrained build operations Thread 49"        [_thread_blocked, id=6392, stack(0x0000000313100000,0x0000000313200000) (1024K)]
  0x00000175a710da80 JavaThread "Unconstrained build operations Thread 50"        [_thread_blocked, id=12432, stack(0x0000000313200000,0x0000000313300000) (1024K)]
  0x00000175a710ac90 JavaThread "Unconstrained build operations Thread 51"        [_thread_blocked, id=8796, stack(0x0000000313300000,0x0000000313400000) (1024K)]
  0x00000175a710c6d0 JavaThread "Unconstrained build operations Thread 52"        [_thread_blocked, id=23536, stack(0x0000000313400000,0x0000000313500000) (1024K)]
  0x00000175a710cd60 JavaThread "Unconstrained build operations Thread 53"        [_thread_blocked, id=11272, stack(0x0000000313500000,0x0000000313600000) (1024K)]
  0x00000175a7894a60 JavaThread "Unconstrained build operations Thread 54"        [_thread_blocked, id=8372, stack(0x0000000313600000,0x0000000313700000) (1024K)]
  0x00000175a7897ee0 JavaThread "Memory manager"                    [_thread_blocked, id=12332, stack(0x0000000313700000,0x0000000313800000) (1024K)]
Total: 101

Other Threads:
  0x000001759e4de430 VMThread "VM Thread"                           [id=7092, stack(0x000000030c800000,0x000000030c900000) (1024K)]
  0x000001759e4774c0 WatcherThread "VM Periodic Task Thread"        [id=13532, stack(0x000000030c700000,0x000000030c800000) (1024K)]
  0x0000017586e3f510 WorkerThread "GC Thread#0"                     [id=9800, stack(0x000000030c200000,0x000000030c300000) (1024K)]
  0x00000175a37fe590 WorkerThread "GC Thread#1"                     [id=17620, stack(0x000000030d300000,0x000000030d400000) (1024K)]
  0x00000175a3a4a860 WorkerThread "GC Thread#2"                     [id=15460, stack(0x000000030d400000,0x000000030d500000) (1024K)]
  0x00000175a37a5660 WorkerThread "GC Thread#3"                     [id=15464, stack(0x000000030d500000,0x000000030d600000) (1024K)]
  0x00000175a3b04230 WorkerThread "GC Thread#4"                     [id=21040, stack(0x000000030d600000,0x000000030d700000) (1024K)]
  0x00000175a49d2cd0 WorkerThread "GC Thread#5"                     [id=19264, stack(0x000000030d900000,0x000000030da00000) (1024K)]
  0x00000175a4948640 WorkerThread "GC Thread#6"                     [id=316, stack(0x000000030da00000,0x000000030db00000) (1024K)]
  0x00000175a49489e0 WorkerThread "GC Thread#7"                     [id=19192, stack(0x000000030db00000,0x000000030dc00000) (1024K)]
  0x00000175a4b28300 WorkerThread "GC Thread#8"                     [id=7100, stack(0x000000030dc00000,0x000000030dd00000) (1024K)]
  0x00000175a4b298c0 WorkerThread "GC Thread#9"                     [id=17144, stack(0x000000030dd00000,0x000000030de00000) (1024K)]
  0x0000017586e504f0 ConcurrentGCThread "G1 Main Marker"            [id=13692, stack(0x000000030c300000,0x000000030c400000) (1024K)]
  0x0000017586e51160 WorkerThread "G1 Conc#0"                       [id=15884, stack(0x000000030c400000,0x000000030c500000) (1024K)]
  0x00000175a4b27f60 WorkerThread "G1 Conc#1"                       [id=3572, stack(0x000000030e600000,0x000000030e700000) (1024K)]
  0x00000175a4b28de0 WorkerThread "G1 Conc#2"                       [id=17780, stack(0x000000030e700000,0x000000030e800000) (1024K)]
  0x0000017586eae450 ConcurrentGCThread "G1 Refine#0"               [id=19548, stack(0x000000030c500000,0x000000030c600000) (1024K)]
  0x000001759e348fb0 ConcurrentGCThread "G1 Service"                [id=14644, stack(0x000000030c600000,0x000000030c700000) (1024K)]
Total: 18

Threads with active compile tasks:
C2 CompilerThread0    37012 9667 %     4       org.gradle.internal.instantiation.generator.AbstractClassGenerator::inspectType @ 107 (560 bytes)
C1 CompilerThread0    37012 9718       3       com.android.build.gradle.internal.dsl.decorator.SupportedPropertyType$Var::getImplementationType (5 bytes)
Total: 2

VM state: not at safepoint (normal execution)

VM Mutex/Monitor currently owned by a thread: None

Heap address: 0x0000000080000000, size: 2048 MB, Compressed Oops mode: 32-bit

CDS archive(s) not mapped
Compressed class space mapped at: 0x0000000100000000-0x0000000140000000, reserved size: 1073741824
Narrow klass base: 0x0000000000000000, Narrow klass shift: 3, Narrow klass range: 0x140000000

GC Precious Log:
 CardTable entry size: 512
 Card Set container configuration: InlinePtr #cards 5 size 8 Array Of Cards #cards 12 size 40 Howl #buckets 4 coarsen threshold 1843 Howl Bitmap #cards 512 size 80 coarsen threshold 460 Card regions per heap region 1 cards per card region 2048
 CPUs: 12 total, 12 available
 Memory: 5989M
 Large Page Support: Disabled
 NUMA Support: Disabled
 Compressed Oops: Enabled (32-bit)
 Heap Region Size: 1M
 Heap Min Capacity: 8M
 Heap Initial Capacity: 94M
 Heap Max Capacity: 2G
 Pre-touch: Disabled
 Parallel Workers: 10
 Concurrent Workers: 3
 Concurrent Refinement Workers: 10
 Periodic GC: Disabled

Heap:
 garbage-first heap   total 195584K, used 126633K [0x0000000080000000, 0x0000000100000000)
  region size 1024K, 23 young (23552K), 9 survivors (9216K)
 Metaspace       used 86593K, committed 88576K, reserved 1179648K
  class space    used 11654K, committed 12672K, reserved 1048576K

Heap Regions: E=young(eden), S=young(survivor), O=old, HS=humongous(starts), HC=humongous(continues), CS=collection set, F=free, TAMS=top-at-mark-start, PB=parsable bottom
|   0|0x0000000080000000, 0x0000000080100000, 0x0000000080100000|100%|HS|  |TAMS 0x0000000080000000| PB 0x0000000080000000| Complete 
|   1|0x0000000080100000, 0x0000000080200000, 0x0000000080200000|100%|HC|  |TAMS 0x0000000080100000| PB 0x0000000080100000| Complete 
|   2|0x0000000080200000, 0x0000000080300000, 0x0000000080300000|100%|HC|  |TAMS 0x0000000080200000| PB 0x0000000080200000| Complete 
|   3|0x0000000080300000, 0x0000000080400000, 0x0000000080400000|100%|HC|  |TAMS 0x0000000080300000| PB 0x0000000080300000| Complete 
|   4|0x0000000080400000, 0x0000000080500000, 0x0000000080500000|100%| O|  |TAMS 0x0000000080400000| PB 0x0000000080400000| Untracked 
|   5|0x0000000080500000, 0x0000000080600000, 0x0000000080600000|100%| O|  |TAMS 0x0000000080500000| PB 0x0000000080500000| Untracked 
|   6|0x0000000080600000, 0x0000000080700000, 0x0000000080700000|100%| O|  |TAMS 0x0000000080600000| PB 0x0000000080600000| Untracked 
|   7|0x0000000080700000, 0x0000000080800000, 0x0000000080800000|100%| O|  |TAMS 0x0000000080700000| PB 0x0000000080700000| Untracked 
|   8|0x0000000080800000, 0x0000000080900000, 0x0000000080900000|100%| O|  |TAMS 0x0000000080800000| PB 0x0000000080800000| Untracked 
|   9|0x0000000080900000, 0x0000000080a00000, 0x0000000080a00000|100%| O|  |TAMS 0x0000000080900000| PB 0x0000000080900000| Untracked 
|  10|0x0000000080a00000, 0x0000000080b00000, 0x0000000080b00000|100%|HS|  |TAMS 0x0000000080a00000| PB 0x0000000080a00000| Complete 
|  11|0x0000000080b00000, 0x0000000080c00000, 0x0000000080c00000|100%| O|  |TAMS 0x0000000080b00000| PB 0x0000000080b00000| Untracked 
|  12|0x0000000080c00000, 0x0000000080d00000, 0x0000000080d00000|100%| O|  |TAMS 0x0000000080c00000| PB 0x0000000080c00000| Untracked 
|  13|0x0000000080d00000, 0x0000000080e00000, 0x0000000080e00000|100%| O|  |TAMS 0x0000000080d00000| PB 0x0000000080d00000| Untracked 
|  14|0x0000000080e00000, 0x0000000080f00000, 0x0000000080f00000|100%| O|  |TAMS 0x0000000080e00000| PB 0x0000000080e00000| Untracked 
|  15|0x0000000080f00000, 0x0000000081000000, 0x0000000081000000|100%| O|  |TAMS 0x0000000080f00000| PB 0x0000000080f00000| Untracked 
|  16|0x0000000081000000, 0x0000000081100000, 0x0000000081100000|100%| O|  |TAMS 0x0000000081000000| PB 0x0000000081000000| Untracked 
|  17|0x0000000081100000, 0x0000000081200000, 0x0000000081200000|100%| O|  |TAMS 0x0000000081100000| PB 0x0000000081100000| Untracked 
|  18|0x0000000081200000, 0x0000000081300000, 0x0000000081300000|100%| O|  |TAMS 0x0000000081200000| PB 0x0000000081200000| Untracked 
|  19|0x0000000081300000, 0x0000000081400000, 0x0000000081400000|100%|HS|  |TAMS 0x0000000081300000| PB 0x0000000081300000| Complete 
|  20|0x0000000081400000, 0x0000000081500000, 0x0000000081500000|100%| O|  |TAMS 0x0000000081400000| PB 0x0000000081400000| Untracked 
|  21|0x0000000081500000, 0x0000000081600000, 0x0000000081600000|100%| O|  |TAMS 0x0000000081500000| PB 0x0000000081500000| Untracked 
|  22|0x0000000081600000, 0x0000000081700000, 0x0000000081700000|100%|HS|  |TAMS 0x0000000081600000| PB 0x0000000081600000| Complete 
|  23|0x0000000081700000, 0x0000000081800000, 0x0000000081800000|100%|HC|  |TAMS 0x0000000081700000| PB 0x0000000081700000| Complete 
|  24|0x0000000081800000, 0x0000000081900000, 0x0000000081900000|100%|HC|  |TAMS 0x0000000081800000| PB 0x0000000081800000| Complete 
|  25|0x0000000081900000, 0x0000000081a00000, 0x0000000081a00000|100%|HC|  |TAMS 0x0000000081900000| PB 0x0000000081900000| Complete 
|  26|0x0000000081a00000, 0x0000000081b00000, 0x0000000081b00000|100%|HC|  |TAMS 0x0000000081a00000| PB 0x0000000081a00000| Complete 
|  27|0x0000000081b00000, 0x0000000081c00000, 0x0000000081c00000|100%|HC|  |TAMS 0x0000000081b00000| PB 0x0000000081b00000| Complete 
|  28|0x0000000081c00000, 0x0000000081d00000, 0x0000000081d00000|100%|HS|  |TAMS 0x0000000081c00000| PB 0x0000000081c00000| Complete 
|  29|0x0000000081d00000, 0x0000000081e00000, 0x0000000081e00000|100%|HC|  |TAMS 0x0000000081d00000| PB 0x0000000081d00000| Complete 
|  30|0x0000000081e00000, 0x0000000081f00000, 0x0000000081f00000|100%|HC|  |TAMS 0x0000000081e00000| PB 0x0000000081e00000| Complete 
|  31|0x0000000081f00000, 0x0000000082000000, 0x0000000082000000|100%|HS|  |TAMS 0x0000000081f00000| PB 0x0000000081f00000| Complete 
|  32|0x0000000082000000, 0x0000000082100000, 0x0000000082100000|100%|HC|  |TAMS 0x0000000082000000| PB 0x0000000082000000| Complete 
|  33|0x0000000082100000, 0x0000000082200000, 0x0000000082200000|100%| O|  |TAMS 0x0000000082100000| PB 0x0000000082100000| Untracked 
|  34|0x0000000082200000, 0x0000000082200000, 0x0000000082300000|  0%| F|  |TAMS 0x0000000082200000| PB 0x0000000082200000| Untracked 
|  35|0x0000000082300000, 0x0000000082400000, 0x0000000082400000|100%| O|  |TAMS 0x0000000082300000| PB 0x0000000082300000| Untracked 
|  36|0x0000000082400000, 0x0000000082500000, 0x0000000082500000|100%| O|  |TAMS 0x0000000082400000| PB 0x0000000082400000| Untracked 
|  37|0x0000000082500000, 0x0000000082600000, 0x0000000082600000|100%| O|  |TAMS 0x0000000082500000| PB 0x0000000082500000| Untracked 
|  38|0x0000000082600000, 0x0000000082700000, 0x0000000082700000|100%| O|  |TAMS 0x0000000082600000| PB 0x0000000082600000| Untracked 
|  39|0x0000000082700000, 0x0000000082800000, 0x0000000082800000|100%| O|  |TAMS 0x0000000082700000| PB 0x0000000082700000| Untracked 
|  40|0x0000000082800000, 0x0000000082900000, 0x0000000082900000|100%| O|  |TAMS 0x0000000082800000| PB 0x0000000082800000| Untracked 
|  41|0x0000000082900000, 0x0000000082a00000, 0x0000000082a00000|100%| O|  |TAMS 0x0000000082900000| PB 0x0000000082900000| Untracked 
|  42|0x0000000082a00000, 0x0000000082b00000, 0x0000000082b00000|100%| O|  |TAMS 0x0000000082a00000| PB 0x0000000082a00000| Untracked 
|  43|0x0000000082b00000, 0x0000000082c00000, 0x0000000082c00000|100%|HS|  |TAMS 0x0000000082b00000| PB 0x0000000082b00000| Complete 
|  44|0x0000000082c00000, 0x0000000082d00000, 0x0000000082d00000|100%|HC|  |TAMS 0x0000000082c00000| PB 0x0000000082c00000| Complete 
|  45|0x0000000082d00000, 0x0000000082e00000, 0x0000000082e00000|100%| O|  |TAMS 0x0000000082d00000| PB 0x0000000082d00000| Untracked 
|  46|0x0000000082e00000, 0x0000000082f00000, 0x0000000082f00000|100%| O|  |TAMS 0x0000000082e00000| PB 0x0000000082e00000| Untracked 
|  47|0x0000000082f00000, 0x0000000083000000, 0x0000000083000000|100%| O|  |TAMS 0x0000000082f00000| PB 0x0000000082f00000| Untracked 
|  48|0x0000000083000000, 0x0000000083100000, 0x0000000083100000|100%| O|  |TAMS 0x0000000083000000| PB 0x0000000083000000| Untracked 
|  49|0x0000000083100000, 0x0000000083200000, 0x0000000083200000|100%| O|  |TAMS 0x0000000083100000| PB 0x0000000083100000| Untracked 
|  50|0x0000000083200000, 0x0000000083300000, 0x0000000083300000|100%| O|  |TAMS 0x0000000083200000| PB 0x0000000083200000| Untracked 
|  51|0x0000000083300000, 0x0000000083400000, 0x0000000083400000|100%| O|  |TAMS 0x0000000083300000| PB 0x0000000083300000| Untracked 
|  52|0x0000000083400000, 0x0000000083500000, 0x0000000083500000|100%| O|  |TAMS 0x0000000083400000| PB 0x0000000083400000| Untracked 
|  53|0x0000000083500000, 0x0000000083600000, 0x0000000083600000|100%|HS|  |TAMS 0x0000000083500000| PB 0x0000000083500000| Complete 
|  54|0x0000000083600000, 0x0000000083700000, 0x0000000083700000|100%|HC|  |TAMS 0x0000000083600000| PB 0x0000000083600000| Complete 
|  55|0x0000000083700000, 0x0000000083800000, 0x0000000083800000|100%|HC|  |TAMS 0x0000000083700000| PB 0x0000000083700000| Complete 
|  56|0x0000000083800000, 0x0000000083900000, 0x0000000083900000|100%|HC|  |TAMS 0x0000000083800000| PB 0x0000000083800000| Complete 
|  57|0x0000000083900000, 0x0000000083a00000, 0x0000000083a00000|100%|HC|  |TAMS 0x0000000083900000| PB 0x0000000083900000| Complete 
|  58|0x0000000083a00000, 0x0000000083b00000, 0x0000000083b00000|100%|HC|  |TAMS 0x0000000083a00000| PB 0x0000000083a00000| Complete 
|  59|0x0000000083b00000, 0x0000000083c00000, 0x0000000083c00000|100%| O|  |TAMS 0x0000000083b00000| PB 0x0000000083b00000| Untracked 
|  60|0x0000000083c00000, 0x0000000083d00000, 0x0000000083d00000|100%| O|  |TAMS 0x0000000083c00000| PB 0x0000000083c00000| Untracked 
|  61|0x0000000083d00000, 0x0000000083e00000, 0x0000000083e00000|100%| O|  |TAMS 0x0000000083d00000| PB 0x0000000083d00000| Untracked 
|  62|0x0000000083e00000, 0x0000000083f00000, 0x0000000083f00000|100%| O|  |TAMS 0x0000000083e00000| PB 0x0000000083e00000| Untracked 
|  63|0x0000000083f00000, 0x0000000084000000, 0x0000000084000000|100%| O|  |TAMS 0x0000000083f00000| PB 0x0000000083f00000| Untracked 
|  64|0x0000000084000000, 0x0000000084100000, 0x0000000084100000|100%| O|  |TAMS 0x0000000084000000| PB 0x0000000084000000| Untracked 
|  65|0x0000000084100000, 0x0000000084200000, 0x0000000084200000|100%| O|  |TAMS 0x0000000084100000| PB 0x0000000084100000| Untracked 
|  66|0x0000000084200000, 0x0000000084300000, 0x0000000084300000|100%| O|  |TAMS 0x0000000084200000| PB 0x0000000084200000| Untracked 
|  67|0x0000000084300000, 0x0000000084400000, 0x0000000084400000|100%| O|  |TAMS 0x0000000084300000| PB 0x0000000084300000| Untracked 
|  68|0x0000000084400000, 0x0000000084500000, 0x0000000084500000|100%| O|  |TAMS 0x0000000084400000| PB 0x0000000084400000| Untracked 
|  69|0x0000000084500000, 0x0000000084600000, 0x0000000084600000|100%|HS|  |TAMS 0x0000000084500000| PB 0x0000000084500000| Complete 
|  70|0x0000000084600000, 0x0000000084700000, 0x0000000084700000|100%|HS|  |TAMS 0x0000000084600000| PB 0x0000000084600000| Complete 
|  71|0x0000000084700000, 0x0000000084800000, 0x0000000084800000|100%|HS|  |TAMS 0x0000000084700000| PB 0x0000000084700000| Complete 
|  72|0x0000000084800000, 0x0000000084900000, 0x0000000084900000|100%|HC|  |TAMS 0x0000000084800000| PB 0x0000000084800000| Complete 
|  73|0x0000000084900000, 0x0000000084a00000, 0x0000000084a00000|100%|HS|  |TAMS 0x0000000084900000| PB 0x0000000084900000| Complete 
|  74|0x0000000084a00000, 0x0000000084b00000, 0x0000000084b00000|100%|HC|  |TAMS 0x0000000084a00000| PB 0x0000000084a00000| Complete 
|  75|0x0000000084b00000, 0x0000000084c00000, 0x0000000084c00000|100%|HS|  |TAMS 0x0000000084b00000| PB 0x0000000084b00000| Complete 
|  76|0x0000000084c00000, 0x0000000084c00000, 0x0000000084d00000|  0%| F|  |TAMS 0x0000000084c00000| PB 0x0000000084c00000| Untracked 
|  77|0x0000000084d00000, 0x0000000084e00000, 0x0000000084e00000|100%| O|  |TAMS 0x0000000084d00000| PB 0x0000000084d00000| Untracked 
|  78|0x0000000084e00000, 0x0000000084f00000, 0x0000000084f00000|100%|HS|  |TAMS 0x0000000084e00000| PB 0x0000000084e00000| Complete 
|  79|0x0000000084f00000, 0x0000000085000000, 0x0000000085000000|100%|HS|  |TAMS 0x0000000084f00000| PB 0x0000000084f00000| Complete 
|  80|0x0000000085000000, 0x0000000085100000, 0x0000000085100000|100%|HC|  |TAMS 0x0000000085000000| PB 0x0000000085000000| Complete 
|  81|0x0000000085100000, 0x0000000085200000, 0x0000000085200000|100%|HC|  |TAMS 0x0000000085100000| PB 0x0000000085100000| Complete 
|  82|0x0000000085200000, 0x0000000085300000, 0x0000000085300000|100%|HC|  |TAMS 0x0000000085200000| PB 0x0000000085200000| Complete 
|  83|0x0000000085300000, 0x0000000085400000, 0x0000000085400000|100%|HS|  |TAMS 0x0000000085300000| PB 0x0000000085300000| Complete 
|  84|0x0000000085400000, 0x0000000085400000, 0x0000000085500000|  0%| F|  |TAMS 0x0000000085400000| PB 0x0000000085400000| Untracked 
|  85|0x0000000085500000, 0x0000000085600000, 0x0000000085600000|100%| O|  |TAMS 0x0000000085500000| PB 0x0000000085500000| Untracked 
|  86|0x0000000085600000, 0x0000000085700000, 0x0000000085700000|100%| O|  |TAMS 0x0000000085600000| PB 0x0000000085600000| Untracked 
|  87|0x0000000085700000, 0x0000000085800000, 0x0000000085800000|100%| O|  |TAMS 0x0000000085700000| PB 0x0000000085700000| Untracked 
|  88|0x0000000085800000, 0x0000000085900000, 0x0000000085900000|100%| O|  |TAMS 0x0000000085800000| PB 0x0000000085800000| Untracked 
|  89|0x0000000085900000, 0x0000000085a00000, 0x0000000085a00000|100%| O|  |TAMS 0x0000000085900000| PB 0x0000000085900000| Untracked 
|  90|0x0000000085a00000, 0x0000000085b00000, 0x0000000085b00000|100%| O|  |TAMS 0x0000000085a00000| PB 0x0000000085a00000| Untracked 
|  91|0x0000000085b00000, 0x0000000085c00000, 0x0000000085c00000|100%|HS|  |TAMS 0x0000000085b00000| PB 0x0000000085b00000| Complete 
|  92|0x0000000085c00000, 0x0000000085c00000, 0x0000000085d00000|  0%| F|  |TAMS 0x0000000085c00000| PB 0x0000000085c00000| Untracked 
|  93|0x0000000085d00000, 0x0000000085d00000, 0x0000000085e00000|  0%| F|  |TAMS 0x0000000085d00000| PB 0x0000000085d00000| Untracked 
|  94|0x0000000085e00000, 0x0000000085f00000, 0x0000000085f00000|100%|HS|  |TAMS 0x0000000085e00000| PB 0x0000000085e00000| Complete 
|  95|0x0000000085f00000, 0x0000000086000000, 0x0000000086000000|100%|HC|  |TAMS 0x0000000085f00000| PB 0x0000000085f00000| Complete 
|  96|0x0000000086000000, 0x0000000086100000, 0x0000000086100000|100%|HC|  |TAMS 0x0000000086000000| PB 0x0000000086000000| Complete 
|  97|0x0000000086100000, 0x0000000086200000, 0x0000000086200000|100%|HC|  |TAMS 0x0000000086100000| PB 0x0000000086100000| Complete 
|  98|0x0000000086200000, 0x0000000086300000, 0x0000000086300000|100%|HC|  |TAMS 0x0000000086200000| PB 0x0000000086200000| Complete 
|  99|0x0000000086300000, 0x0000000086400000, 0x0000000086400000|100%|HC|  |TAMS 0x0000000086300000| PB 0x0000000086300000| Complete 
| 100|0x0000000086400000, 0x0000000086400000, 0x0000000086500000|  0%| F|  |TAMS 0x0000000086400000| PB 0x0000000086400000| Untracked 
| 101|0x0000000086500000, 0x0000000086600000, 0x0000000086600000|100%|HS|  |TAMS 0x0000000086500000| PB 0x0000000086500000| Complete 
| 102|0x0000000086600000, 0x00000000866aa760, 0x0000000086700000| 66%| O|  |TAMS 0x0000000086600000| PB 0x0000000086600000| Untracked 
| 103|0x0000000086700000, 0x0000000086700000, 0x0000000086800000|  0%| F|  |TAMS 0x0000000086700000| PB 0x0000000086700000| Untracked 
| 104|0x0000000086800000, 0x0000000086800000, 0x0000000086900000|  0%| F|  |TAMS 0x0000000086800000| PB 0x0000000086800000| Untracked 
| 105|0x0000000086900000, 0x0000000086900000, 0x0000000086a00000|  0%| F|  |TAMS 0x0000000086900000| PB 0x0000000086900000| Untracked 
| 106|0x0000000086a00000, 0x0000000086a00000, 0x0000000086b00000|  0%| F|  |TAMS 0x0000000086a00000| PB 0x0000000086a00000| Untracked 
| 107|0x0000000086b00000, 0x0000000086b00000, 0x0000000086c00000|  0%| F|  |TAMS 0x0000000086b00000| PB 0x0000000086b00000| Untracked 
| 108|0x0000000086c00000, 0x0000000086d00000, 0x0000000086d00000|100%| S|CS|TAMS 0x0000000086c00000| PB 0x0000000086c00000| Complete 
| 109|0x0000000086d00000, 0x0000000086e00000, 0x0000000086e00000|100%| S|CS|TAMS 0x0000000086d00000| PB 0x0000000086d00000| Complete 
| 110|0x0000000086e00000, 0x0000000086f00000, 0x0000000086f00000|100%| S|CS|TAMS 0x0000000086e00000| PB 0x0000000086e00000| Complete 
| 111|0x0000000086f00000, 0x0000000087000000, 0x0000000087000000|100%| S|CS|TAMS 0x0000000086f00000| PB 0x0000000086f00000| Complete 
| 112|0x0000000087000000, 0x0000000087100000, 0x0000000087100000|100%| S|CS|TAMS 0x0000000087000000| PB 0x0000000087000000| Complete 
| 113|0x0000000087100000, 0x0000000087100000, 0x0000000087200000|  0%| F|  |TAMS 0x0000000087100000| PB 0x0000000087100000| Untracked 
| 114|0x0000000087200000, 0x0000000087200000, 0x0000000087300000|  0%| F|  |TAMS 0x0000000087200000| PB 0x0000000087200000| Untracked 
| 115|0x0000000087300000, 0x0000000087300000, 0x0000000087400000|  0%| F|  |TAMS 0x0000000087300000| PB 0x0000000087300000| Untracked 
| 116|0x0000000087400000, 0x0000000087400000, 0x0000000087500000|  0%| F|  |TAMS 0x0000000087400000| PB 0x0000000087400000| Untracked 
| 117|0x0000000087500000, 0x0000000087600000, 0x0000000087600000|100%| S|CS|TAMS 0x0000000087500000| PB 0x0000000087500000| Complete 
| 118|0x0000000087600000, 0x0000000087700000, 0x0000000087700000|100%| S|CS|TAMS 0x0000000087600000| PB 0x0000000087600000| Complete 
| 119|0x0000000087700000, 0x0000000087800000, 0x0000000087800000|100%| S|CS|TAMS 0x0000000087700000| PB 0x0000000087700000| Complete 
| 120|0x0000000087800000, 0x0000000087900000, 0x0000000087900000|100%| S|CS|TAMS 0x0000000087800000| PB 0x0000000087800000| Complete 
| 121|0x0000000087900000, 0x0000000087900000, 0x0000000087a00000|  0%| F|  |TAMS 0x0000000087900000| PB 0x0000000087900000| Untracked 
| 122|0x0000000087a00000, 0x0000000087a00000, 0x0000000087b00000|  0%| F|  |TAMS 0x0000000087a00000| PB 0x0000000087a00000| Untracked 
| 123|0x0000000087b00000, 0x0000000087b00000, 0x0000000087c00000|  0%| F|  |TAMS 0x0000000087b00000| PB 0x0000000087b00000| Untracked 
| 124|0x0000000087c00000, 0x0000000087c00000, 0x0000000087d00000|  0%| F|  |TAMS 0x0000000087c00000| PB 0x0000000087c00000| Untracked 
| 125|0x0000000087d00000, 0x0000000087d00000, 0x0000000087e00000|  0%| F|  |TAMS 0x0000000087d00000| PB 0x0000000087d00000| Untracked 
| 126|0x0000000087e00000, 0x0000000087e00000, 0x0000000087f00000|  0%| F|  |TAMS 0x0000000087e00000| PB 0x0000000087e00000| Untracked 
| 127|0x0000000087f00000, 0x0000000087f00000, 0x0000000088000000|  0%| F|  |TAMS 0x0000000087f00000| PB 0x0000000087f00000| Untracked 
| 128|0x0000000088000000, 0x0000000088000000, 0x0000000088100000|  0%| F|  |TAMS 0x0000000088000000| PB 0x0000000088000000| Untracked 
| 129|0x0000000088100000, 0x0000000088100000, 0x0000000088200000|  0%| F|  |TAMS 0x0000000088100000| PB 0x0000000088100000| Untracked 
| 130|0x0000000088200000, 0x0000000088200000, 0x0000000088300000|  0%| F|  |TAMS 0x0000000088200000| PB 0x0000000088200000| Untracked 
| 131|0x0000000088300000, 0x0000000088300000, 0x0000000088400000|  0%| F|  |TAMS 0x0000000088300000| PB 0x0000000088300000| Untracked 
| 132|0x0000000088400000, 0x0000000088400000, 0x0000000088500000|  0%| F|  |TAMS 0x0000000088400000| PB 0x0000000088400000| Untracked 
| 133|0x0000000088500000, 0x0000000088500000, 0x0000000088600000|  0%| F|  |TAMS 0x0000000088500000| PB 0x0000000088500000| Untracked 
| 134|0x0000000088600000, 0x0000000088600000, 0x0000000088700000|  0%| F|  |TAMS 0x0000000088600000| PB 0x0000000088600000| Untracked 
| 135|0x0000000088700000, 0x0000000088700000, 0x0000000088800000|  0%| F|  |TAMS 0x0000000088700000| PB 0x0000000088700000| Untracked 
| 136|0x0000000088800000, 0x0000000088800000, 0x0000000088900000|  0%| F|  |TAMS 0x0000000088800000| PB 0x0000000088800000| Untracked 
| 137|0x0000000088900000, 0x0000000088900000, 0x0000000088a00000|  0%| F|  |TAMS 0x0000000088900000| PB 0x0000000088900000| Untracked 
| 138|0x0000000088a00000, 0x0000000088a00000, 0x0000000088b00000|  0%| F|  |TAMS 0x0000000088a00000| PB 0x0000000088a00000| Untracked 
| 139|0x0000000088b00000, 0x0000000088b00000, 0x0000000088c00000|  0%| F|  |TAMS 0x0000000088b00000| PB 0x0000000088b00000| Untracked 
| 140|0x0000000088c00000, 0x0000000088c00000, 0x0000000088d00000|  0%| F|  |TAMS 0x0000000088c00000| PB 0x0000000088c00000| Untracked 
| 141|0x0000000088d00000, 0x0000000088d00000, 0x0000000088e00000|  0%| F|  |TAMS 0x0000000088d00000| PB 0x0000000088d00000| Untracked 
| 142|0x0000000088e00000, 0x0000000088e00000, 0x0000000088f00000|  0%| F|  |TAMS 0x0000000088e00000| PB 0x0000000088e00000| Untracked 
| 143|0x0000000088f00000, 0x0000000088f00000, 0x0000000089000000|  0%| F|  |TAMS 0x0000000088f00000| PB 0x0000000088f00000| Untracked 
| 144|0x0000000089000000, 0x0000000089000000, 0x0000000089100000|  0%| F|  |TAMS 0x0000000089000000| PB 0x0000000089000000| Untracked 
| 145|0x0000000089100000, 0x0000000089100000, 0x0000000089200000|  0%| F|  |TAMS 0x0000000089100000| PB 0x0000000089100000| Untracked 
| 146|0x0000000089200000, 0x0000000089200000, 0x0000000089300000|  0%| F|  |TAMS 0x0000000089200000| PB 0x0000000089200000| Untracked 
| 147|0x0000000089300000, 0x0000000089300000, 0x0000000089400000|  0%| F|  |TAMS 0x0000000089300000| PB 0x0000000089300000| Untracked 
| 148|0x0000000089400000, 0x0000000089400000, 0x0000000089500000|  0%| F|  |TAMS 0x0000000089400000| PB 0x0000000089400000| Untracked 
| 149|0x0000000089500000, 0x0000000089500000, 0x0000000089600000|  0%| F|  |TAMS 0x0000000089500000| PB 0x0000000089500000| Untracked 
| 150|0x0000000089600000, 0x0000000089600000, 0x0000000089700000|  0%| F|  |TAMS 0x0000000089600000| PB 0x0000000089600000| Untracked 
| 151|0x0000000089700000, 0x0000000089700000, 0x0000000089800000|  0%| F|  |TAMS 0x0000000089700000| PB 0x0000000089700000| Untracked 
| 152|0x0000000089800000, 0x0000000089800000, 0x0000000089900000|  0%| F|  |TAMS 0x0000000089800000| PB 0x0000000089800000| Untracked 
| 153|0x0000000089900000, 0x0000000089900000, 0x0000000089a00000|  0%| F|  |TAMS 0x0000000089900000| PB 0x0000000089900000| Untracked 
| 154|0x0000000089a00000, 0x0000000089a00000, 0x0000000089b00000|  0%| F|  |TAMS 0x0000000089a00000| PB 0x0000000089a00000| Untracked 
| 155|0x0000000089b00000, 0x0000000089b00000, 0x0000000089c00000|  0%| F|  |TAMS 0x0000000089b00000| PB 0x0000000089b00000| Untracked 
| 156|0x0000000089c00000, 0x0000000089c00000, 0x0000000089d00000|  0%| F|  |TAMS 0x0000000089c00000| PB 0x0000000089c00000| Untracked 
| 157|0x0000000089d00000, 0x0000000089d00000, 0x0000000089e00000|  0%| F|  |TAMS 0x0000000089d00000| PB 0x0000000089d00000| Untracked 
| 158|0x0000000089e00000, 0x0000000089e00000, 0x0000000089f00000|  0%| F|  |TAMS 0x0000000089e00000| PB 0x0000000089e00000| Untracked 
| 159|0x0000000089f00000, 0x0000000089f00000, 0x000000008a000000|  0%| F|  |TAMS 0x0000000089f00000| PB 0x0000000089f00000| Untracked 
| 160|0x000000008a000000, 0x000000008a000000, 0x000000008a100000|  0%| F|  |TAMS 0x000000008a000000| PB 0x000000008a000000| Untracked 
| 161|0x000000008a100000, 0x000000008a100000, 0x000000008a200000|  0%| F|  |TAMS 0x000000008a100000| PB 0x000000008a100000| Untracked 
| 162|0x000000008a200000, 0x000000008a200000, 0x000000008a300000|  0%| F|  |TAMS 0x000000008a200000| PB 0x000000008a200000| Untracked 
| 163|0x000000008a300000, 0x000000008a300000, 0x000000008a400000|  0%| F|  |TAMS 0x000000008a300000| PB 0x000000008a300000| Untracked 
| 164|0x000000008a400000, 0x000000008a400000, 0x000000008a500000|  0%| F|  |TAMS 0x000000008a400000| PB 0x000000008a400000| Untracked 
| 165|0x000000008a500000, 0x000000008a500000, 0x000000008a600000|  0%| F|  |TAMS 0x000000008a500000| PB 0x000000008a500000| Untracked 
| 166|0x000000008a600000, 0x000000008a600000, 0x000000008a700000|  0%| F|  |TAMS 0x000000008a600000| PB 0x000000008a600000| Untracked 
| 167|0x000000008a700000, 0x000000008a700000, 0x000000008a800000|  0%| F|  |TAMS 0x000000008a700000| PB 0x000000008a700000| Untracked 
| 168|0x000000008a800000, 0x000000008a800000, 0x000000008a900000|  0%| F|  |TAMS 0x000000008a800000| PB 0x000000008a800000| Untracked 
| 169|0x000000008a900000, 0x000000008a900000, 0x000000008aa00000|  0%| F|  |TAMS 0x000000008a900000| PB 0x000000008a900000| Untracked 
| 170|0x000000008aa00000, 0x000000008aa00000, 0x000000008ab00000|  0%| F|  |TAMS 0x000000008aa00000| PB 0x000000008aa00000| Untracked 
| 171|0x000000008ab00000, 0x000000008ab00000, 0x000000008ac00000|  0%| F|  |TAMS 0x000000008ab00000| PB 0x000000008ab00000| Untracked 
| 172|0x000000008ac00000, 0x000000008ac80800, 0x000000008ad00000| 50%| E|  |TAMS 0x000000008ac00000| PB 0x000000008ac00000| Complete 
| 173|0x000000008ad00000, 0x000000008ae00000, 0x000000008ae00000|100%| E|CS|TAMS 0x000000008ad00000| PB 0x000000008ad00000| Complete 
| 174|0x000000008ae00000, 0x000000008af00000, 0x000000008af00000|100%| E|CS|TAMS 0x000000008ae00000| PB 0x000000008ae00000| Complete 
| 175|0x000000008af00000, 0x000000008b000000, 0x000000008b000000|100%| E|CS|TAMS 0x000000008af00000| PB 0x000000008af00000| Complete 
| 176|0x000000008b000000, 0x000000008b100000, 0x000000008b100000|100%| E|CS|TAMS 0x000000008b000000| PB 0x000000008b000000| Complete 
| 177|0x000000008b100000, 0x000000008b200000, 0x000000008b200000|100%| E|CS|TAMS 0x000000008b100000| PB 0x000000008b100000| Complete 
| 178|0x000000008b200000, 0x000000008b300000, 0x000000008b300000|100%| E|CS|TAMS 0x000000008b200000| PB 0x000000008b200000| Complete 
| 179|0x000000008b300000, 0x000000008b400000, 0x000000008b400000|100%| E|CS|TAMS 0x000000008b300000| PB 0x000000008b300000| Complete 
| 180|0x000000008b400000, 0x000000008b500000, 0x000000008b500000|100%| E|CS|TAMS 0x000000008b400000| PB 0x000000008b400000| Complete 
| 181|0x000000008b500000, 0x000000008b600000, 0x000000008b600000|100%| E|CS|TAMS 0x000000008b500000| PB 0x000000008b500000| Complete 
| 182|0x000000008b600000, 0x000000008b700000, 0x000000008b700000|100%| E|CS|TAMS 0x000000008b600000| PB 0x000000008b600000| Complete 
| 183|0x000000008b700000, 0x000000008b800000, 0x000000008b800000|100%| E|CS|TAMS 0x000000008b700000| PB 0x000000008b700000| Complete 
| 184|0x000000008b800000, 0x000000008b900000, 0x000000008b900000|100%| E|CS|TAMS 0x000000008b800000| PB 0x000000008b800000| Complete 
| 185|0x000000008b900000, 0x000000008ba00000, 0x000000008ba00000|100%| E|CS|TAMS 0x000000008b900000| PB 0x000000008b900000| Complete 
|2043|0x00000000ffb00000, 0x00000000ffc00000, 0x00000000ffc00000|100%| O|  |TAMS 0x00000000ffb00000| PB 0x00000000ffb00000| Untracked 
|2044|0x00000000ffc00000, 0x00000000ffd00000, 0x00000000ffd00000|100%| O|  |TAMS 0x00000000ffc00000| PB 0x00000000ffc00000| Untracked 
|2045|0x00000000ffd00000, 0x00000000ffe00000, 0x00000000ffe00000|100%| O|  |TAMS 0x00000000ffd00000| PB 0x00000000ffd00000| Untracked 
|2046|0x00000000ffe00000, 0x00000000fff00000, 0x00000000fff00000|100%| O|  |TAMS 0x00000000ffe00000| PB 0x00000000ffe00000| Untracked 
|2047|0x00000000fff00000, 0x0000000100000000, 0x0000000100000000|100%| O|  |TAMS 0x00000000fff00000| PB 0x00000000fff00000| Untracked 

Card table byte_map: [0x0000017599890000,0x0000017599c90000] _byte_map_base: 0x0000017599490000

Marking Bits: (CMBitMap*) 0x0000017586e3fc10
 Bits: [0x0000017599c90000, 0x000001759bc90000)

Polling page: 0x00000175865b0000

Metaspace:

Usage:
  Non-class:     73.20 MB used.
      Class:     11.38 MB used.
       Both:     84.58 MB used.

Virtual space:
  Non-class space:      128.00 MB reserved,      74.12 MB ( 58%) committed,  2 nodes.
      Class space:        1.00 GB reserved,      12.38 MB (  1%) committed,  1 nodes.
             Both:        1.12 GB reserved,      86.50 MB (  8%) committed. 

Chunk freelists:
   Non-Class:  4.94 MB
       Class:  3.59 MB
        Both:  8.53 MB

MaxMetaspaceSize: unlimited
CompressedClassSpaceSize: 1.00 GB
Initial GC threshold: 21.00 MB
Current GC threshold: 122.31 MB
CDS: off
 - commit_granule_bytes: 65536.
 - commit_granule_words: 8192.
 - virtual_space_node_default_size: 8388608.
 - enlarge_chunks_in_place: 1.
 - use_allocation_guard: 0.


Internal statistics:

num_allocs_failed_limit: 9.
num_arena_births: 3562.
num_arena_deaths: 0.
num_vsnodes_births: 3.
num_vsnodes_deaths: 0.
num_space_committed: 1384.
num_space_uncommitted: 0.
num_chunks_returned_to_freelist: 9.
num_chunks_taken_from_freelist: 7148.
num_chunk_merges: 6.
num_chunk_splits: 4643.
num_chunks_enlarged: 2928.
num_inconsistent_stats: 0.

CodeHeap 'non-profiled nmethods': size=120000Kb used=4329Kb max_used=4329Kb free=115671Kb
 bounds [0x0000017591a00000, 0x0000017591e40000, 0x0000017598f30000]
CodeHeap 'profiled nmethods': size=120000Kb used=15938Kb max_used=15938Kb free=104062Kb
 bounds [0x0000017589f30000, 0x000001758aed0000, 0x0000017591460000]
CodeHeap 'non-nmethods': size=5760Kb used=2790Kb max_used=2821Kb free=2969Kb
 bounds [0x0000017591460000, 0x0000017591730000, 0x0000017591a00000]
 total_blobs=9371 nmethods=8448 adapters=826
 compilation: enabled
              stopped_count=0, restarted_count=0
 full_count=0

Compilation events (20 events):
Event: 36.959 Thread 0x000001759eacb060 nmethod 9693 0x000001758aeae210 code [0x000001758aeae440, 0x000001758aeaed30]
Event: 36.959 Thread 0x000001759eacb060 9692       1       com.android.build.gradle.internal.dsl.decorator.DslDecorator$ManagedProperty::getAccess (5 bytes)
Event: 36.959 Thread 0x000001759eacb060 nmethod 9692 0x0000017591e39e10 code [0x0000017591e39fa0, 0x0000017591e3a068]
Event: 36.960 Thread 0x000001759eacb060 9694       3       jdk.proxy1.$Proxy6::<init> (6 bytes)
Event: 36.961 Thread 0x000001759eacb060 nmethod 9694 0x000001758aeaf110 code [0x000001758aeaf2e0, 0x000001758aeaf658]
Event: 36.964 Thread 0x000001759eacb060 9695       3       org.objectweb.asm.SymbolTable::addTypeInternal (85 bytes)
Event: 36.964 Thread 0x000001759eacb060 nmethod 9695 0x000001758aeaf790 code [0x000001758aeaf980, 0x000001758aeaff80]
Event: 36.966 Thread 0x000001759eacb060 9696       3       org.gradle.internal.instantiation.generator.AbstractClassGenerator$ExtensibleTypePropertyHandler::applyTo (273 bytes)
Event: 36.969 Thread 0x000001759eacb060 nmethod 9696 0x000001758aeb0190 code [0x000001758aeb0640, 0x000001758aeb2a88]
Event: 36.976 Thread 0x000001759eacb060 9697       3       org.objectweb.asm.MethodWriter::visitTypeInsn (116 bytes)
Event: 36.977 Thread 0x000001759eacb060 nmethod 9697 0x000001758aeb3690 code [0x000001758aeb3880, 0x000001758aeb3cf0]
Event: 36.977 Thread 0x000001759eacb060 9698       3       org.objectweb.asm.commons.Method::getReturnType (8 bytes)
Event: 36.977 Thread 0x000001759eacb060 nmethod 9698 0x000001758aeb3f10 code [0x000001758aeb40e0, 0x000001758aeb43c8]
Event: 36.978 Thread 0x000001759eacb060 9700       3       org.objectweb.asm.MethodWriter::computeAllFrames (510 bytes)
Event: 36.980 Thread 0x000001759eacb060 nmethod 9700 0x000001758aeb4590 code [0x000001758aeb48e0, 0x000001758aeb5cf0]
Event: 36.980 Thread 0x000001759eacb060 9699       3       org.objectweb.asm.commons.GeneratorAdapter::loadThis (32 bytes)
Event: 36.980 Thread 0x000001759eacb060 nmethod 9699 0x000001758aeb6810 code [0x000001758aeb69e0, 0x000001758aeb6cd8]
Event: 36.980 Thread 0x000001759eacb060 9702       3       org.objectweb.asm.AnnotationWriter::putAnnotations (67 bytes)
Event: 36.981 Thread 0x000001759eacb060 nmethod 9702 0x000001758aeb6e10 code [0x000001758aeb7040, 0x000001758aeb7438]
Event: 36.981 Thread 0x000001759eacb060 9701       3       org.objectweb.asm.commons.GeneratorAdapter::invokeInsn (43 bytes)

GC Heap History (20 events):
Event: 23.307 GC heap before
{Heap before GC invocations=18 (full 0):
 garbage-first heap   total 147456K, used 125238K [0x0000000080000000, 0x0000000100000000)
  region size 1024K, 54 young (55296K), 4 survivors (4096K)
 Metaspace       used 61144K, committed 62784K, reserved 1114112K
  class space    used 8290K, committed 9088K, reserved 1048576K
}
Event: 23.313 GC heap after
{Heap after GC invocations=19 (full 0):
 garbage-first heap   total 147456K, used 74061K [0x0000000080000000, 0x0000000100000000)
  region size 1024K, 2 young (2048K), 2 survivors (2048K)
 Metaspace       used 61144K, committed 62784K, reserved 1114112K
  class space    used 8290K, committed 9088K, reserved 1048576K
}
Event: 25.479 GC heap before
{Heap before GC invocations=19 (full 0):
 garbage-first heap   total 147456K, used 127309K [0x0000000080000000, 0x0000000100000000)
  region size 1024K, 54 young (55296K), 2 survivors (2048K)
 Metaspace       used 68063K, committed 69696K, reserved 1114112K
  class space    used 9324K, committed 10112K, reserved 1048576K
}
Event: 25.485 GC heap after
{Heap after GC invocations=20 (full 0):
 garbage-first heap   total 147456K, used 76120K [0x0000000080000000, 0x0000000100000000)
  region size 1024K, 4 young (4096K), 4 survivors (4096K)
 Metaspace       used 68063K, committed 69696K, reserved 1114112K
  class space    used 9324K, committed 10112K, reserved 1048576K
}
Event: 30.142 GC heap before
{Heap before GC invocations=21 (full 0):
 garbage-first heap   total 147456K, used 130392K [0x0000000080000000, 0x0000000100000000)
  region size 1024K, 57 young (58368K), 4 survivors (4096K)
 Metaspace       used 72231K, committed 74048K, reserved 1114112K
  class space    used 9944K, committed 10880K, reserved 1048576K
}
Event: 30.152 GC heap after
{Heap after GC invocations=22 (full 0):
 garbage-first heap   total 147456K, used 81496K [0x0000000080000000, 0x0000000100000000)
  region size 1024K, 8 young (8192K), 8 survivors (8192K)
 Metaspace       used 72231K, committed 74048K, reserved 1114112K
  class space    used 9944K, committed 10880K, reserved 1048576K
}
Event: 30.609 GC heap before
{Heap before GC invocations=22 (full 0):
 garbage-first heap   total 147456K, used 129624K [0x0000000080000000, 0x0000000100000000)
  region size 1024K, 56 young (57344K), 8 survivors (8192K)
 Metaspace       used 72515K, committed 74304K, reserved 1114112K
  class space    used 9944K, committed 10880K, reserved 1048576K
}
Event: 30.621 GC heap after
{Heap after GC invocations=23 (full 0):
 garbage-first heap   total 147456K, used 84770K [0x0000000080000000, 0x0000000100000000)
  region size 1024K, 4 young (4096K), 4 survivors (4096K)
 Metaspace       used 72515K, committed 74304K, reserved 1114112K
  class space    used 9944K, committed 10880K, reserved 1048576K
}
Event: 30.915 GC heap before
{Heap before GC invocations=23 (full 0):
 garbage-first heap   total 147456K, used 131874K [0x0000000080000000, 0x0000000100000000)
  region size 1024K, 51 young (52224K), 4 survivors (4096K)
 Metaspace       used 72651K, committed 74496K, reserved 1114112K
  class space    used 9944K, committed 10880K, reserved 1048576K
}
Event: 30.921 GC heap after
{Heap after GC invocations=24 (full 0):
 garbage-first heap   total 147456K, used 85318K [0x0000000080000000, 0x0000000100000000)
  region size 1024K, 5 young (5120K), 5 survivors (5120K)
 Metaspace       used 72651K, committed 74496K, reserved 1114112K
  class space    used 9944K, committed 10880K, reserved 1048576K
}
Event: 31.186 GC heap before
{Heap before GC invocations=25 (full 0):
 garbage-first heap   total 155648K, used 131398K [0x0000000080000000, 0x0000000100000000)
  region size 1024K, 51 young (52224K), 5 survivors (5120K)
 Metaspace       used 72679K, committed 74496K, reserved 1114112K
  class space    used 9944K, committed 10880K, reserved 1048576K
}
Event: 31.193 GC heap after
{Heap after GC invocations=26 (full 0):
 garbage-first heap   total 155648K, used 86373K [0x0000000080000000, 0x0000000100000000)
  region size 1024K, 5 young (5120K), 5 survivors (5120K)
 Metaspace       used 72679K, committed 74496K, reserved 1114112K
  class space    used 9944K, committed 10880K, reserved 1048576K
}
Event: 31.816 GC heap before
{Heap before GC invocations=26 (full 0):
 garbage-first heap   total 155648K, used 150885K [0x0000000080000000, 0x0000000100000000)
  region size 1024K, 57 young (58368K), 5 survivors (5120K)
 Metaspace       used 73246K, committed 75072K, reserved 1114112K
  class space    used 10032K, committed 10944K, reserved 1048576K
}
Event: 31.825 GC heap after
{Heap after GC invocations=27 (full 0):
 garbage-first heap   total 195584K, used 101500K [0x0000000080000000, 0x0000000100000000)
  region size 1024K, 8 young (8192K), 8 survivors (8192K)
 Metaspace       used 73246K, committed 75072K, reserved 1114112K
  class space    used 10032K, committed 10944K, reserved 1048576K
}
Event: 31.848 GC heap before
{Heap before GC invocations=27 (full 0):
 garbage-first heap   total 195584K, used 101500K [0x0000000080000000, 0x0000000100000000)
  region size 1024K, 9 young (9216K), 8 survivors (8192K)
 Metaspace       used 73283K, committed 75136K, reserved 1114112K
  class space    used 10037K, committed 10944K, reserved 1048576K
}
Event: 31.856 GC heap after
{Heap after GC invocations=28 (full 0):
 garbage-first heap   total 195584K, used 102321K [0x0000000080000000, 0x0000000100000000)
  region size 1024K, 1 young (1024K), 1 survivors (1024K)
 Metaspace       used 73283K, committed 75136K, reserved 1114112K
  class space    used 10037K, committed 10944K, reserved 1048576K
}
Event: 33.697 GC heap before
{Heap before GC invocations=29 (full 0):
 garbage-first heap   total 195584K, used 174001K [0x0000000080000000, 0x0000000100000000)
  region size 1024K, 69 young (70656K), 1 survivors (1024K)
 Metaspace       used 79763K, committed 81600K, reserved 1179648K
  class space    used 10711K, committed 11648K, reserved 1048576K
}
Event: 33.702 GC heap after
{Heap after GC invocations=30 (full 0):
 garbage-first heap   total 195584K, used 107256K [0x0000000080000000, 0x0000000100000000)
  region size 1024K, 4 young (4096K), 4 survivors (4096K)
 Metaspace       used 79763K, committed 81600K, reserved 1179648K
  class space    used 10711K, committed 11648K, reserved 1048576K
}
Event: 36.647 GC heap before
{Heap before GC invocations=30 (full 0):
 garbage-first heap   total 195584K, used 178936K [0x0000000080000000, 0x0000000100000000)
  region size 1024K, 69 young (70656K), 4 survivors (4096K)
 Metaspace       used 85630K, committed 87616K, reserved 1179648K
  class space    used 11523K, committed 12544K, reserved 1048576K
}
Event: 36.658 GC heap after
{Heap after GC invocations=31 (full 0):
 garbage-first heap   total 195584K, used 113321K [0x0000000080000000, 0x0000000100000000)
  region size 1024K, 9 young (9216K), 9 survivors (9216K)
 Metaspace       used 85630K, committed 87616K, reserved 1179648K
  class space    used 11523K, committed 12544K, reserved 1048576K
}

Dll operation events (3 events):
Event: 0.032 Loaded shared library C:\Program Files\Android\Android Studio\jbr\bin\java.dll
Event: 0.049 Loaded shared library C:\Program Files\Android\Android Studio\jbr\bin\zip.dll
Event: 1.470 Loaded shared library C:\Program Files\Android\Android Studio\jbr\bin\verify.dll

Deoptimization events (20 events):
Event: 35.652 Thread 0x00000175a3d941f0 DEOPT PACKING pc=0x0000017591b5d3d8 sp=0x000000030e2efbf0
Event: 35.652 Thread 0x00000175a3d941f0 DEOPT UNPACKING pc=0x00000175914b46a2 sp=0x000000030e2efb88 mode 2
Event: 36.272 Thread 0x00000175a3d941f0 DEOPT PACKING pc=0x000001758ad5538a sp=0x000000030e2f2f80
Event: 36.273 Thread 0x00000175a3d941f0 DEOPT UNPACKING pc=0x00000175914b4e42 sp=0x000000030e2f2490 mode 0
Event: 36.291 Thread 0x00000175a3d941f0 Uncommon trap: trap_request=0xffffff45 fr.pc=0x0000017591d364c8 relative=0x0000000000002508
Event: 36.291 Thread 0x00000175a3d941f0 Uncommon trap: reason=unstable_if action=reinterpret pc=0x0000017591d364c8 method=java.util.regex.Pattern.has(I)Z @ 6 c2
Event: 36.291 Thread 0x00000175a3d941f0 DEOPT PACKING pc=0x0000017591d364c8 sp=0x000000030e2f4b10
Event: 36.291 Thread 0x00000175a3d941f0 DEOPT UNPACKING pc=0x00000175914b46a2 sp=0x000000030e2f4a90 mode 2
Event: 36.291 Thread 0x00000175a3d941f0 Uncommon trap: trap_request=0xffffff45 fr.pc=0x0000017591ab0508 relative=0x0000000000000068
Event: 36.291 Thread 0x00000175a3d941f0 Uncommon trap: reason=unstable_if action=reinterpret pc=0x0000017591ab0508 method=java.util.regex.Pattern.has(I)Z @ 6 c2
Event: 36.291 Thread 0x00000175a3d941f0 DEOPT PACKING pc=0x0000017591ab0508 sp=0x000000030e2f4b00
Event: 36.291 Thread 0x00000175a3d941f0 DEOPT UNPACKING pc=0x00000175914b46a2 sp=0x000000030e2f4a90 mode 2
Event: 36.393 Thread 0x00000175a3d941f0 Uncommon trap: trap_request=0xffffffc6 fr.pc=0x0000017591dcad48 relative=0x0000000000000068
Event: 36.393 Thread 0x00000175a3d941f0 Uncommon trap: reason=bimorphic_or_optimized_type_check action=maybe_recompile pc=0x0000017591dcad48 method=java.util.AbstractQueue.add(Ljava/lang/Object;)Z @ 2 c2
Event: 36.393 Thread 0x00000175a3d941f0 DEOPT PACKING pc=0x0000017591dcad48 sp=0x000000030e2f5ce0
Event: 36.393 Thread 0x00000175a3d941f0 DEOPT UNPACKING pc=0x00000175914b46a2 sp=0x000000030e2f5ca8 mode 2
Event: 36.393 Thread 0x00000175a3d941f0 Uncommon trap: trap_request=0xffffffc6 fr.pc=0x0000017591dcad48 relative=0x0000000000000068
Event: 36.393 Thread 0x00000175a3d941f0 Uncommon trap: reason=bimorphic_or_optimized_type_check action=maybe_recompile pc=0x0000017591dcad48 method=java.util.AbstractQueue.add(Ljava/lang/Object;)Z @ 2 c2
Event: 36.393 Thread 0x00000175a3d941f0 DEOPT PACKING pc=0x0000017591dcad48 sp=0x000000030e2f5ce0
Event: 36.393 Thread 0x00000175a3d941f0 DEOPT UNPACKING pc=0x00000175914b46a2 sp=0x000000030e2f5ca8 mode 2

Classes loaded (20 events):
Event: 35.375 Loading class sun/security/util/KeyUtil
Event: 35.375 Loading class sun/security/util/KeyUtil done
Event: 35.376 Loading class sun/security/util/Length
Event: 35.376 Loading class sun/security/util/Length done
Event: 35.376 Loading class javax/crypto/SecretKey
Event: 35.376 Loading class javax/crypto/SecretKey done
Event: 35.377 Loading class java/util/Base64
Event: 35.378 Loading class java/util/Base64 done
Event: 35.378 Loading class java/util/Base64$Decoder
Event: 35.379 Loading class java/util/Base64$Decoder done
Event: 35.379 Loading class java/util/Base64$Encoder
Event: 35.379 Loading class java/util/Base64$Encoder done
Event: 35.383 Loading class java/util/jar/JarVerifier$VerifierStream
Event: 35.384 Loading class java/util/jar/JarVerifier$VerifierStream done
Event: 35.385 Loading class sun/security/util/ManifestEntryVerifier$SunProviderHolder
Event: 35.385 Loading class sun/security/util/ManifestEntryVerifier$SunProviderHolder done
Event: 36.386 Loading class java/lang/foreign/ValueLayout
Event: 36.387 Loading class java/lang/foreign/MemoryLayout
Event: 36.388 Loading class java/lang/foreign/MemoryLayout done
Event: 36.388 Loading class java/lang/foreign/ValueLayout done

Classes unloaded (0 events):
No events

Classes redefined (0 events):
No events

Internal exceptions (20 events):
Event: 26.315 Thread 0x00000175a3d941f0 Exception <a 'java/lang/NoSuchMethodError'{0x00000000879f6640}: 'java.lang.Object java.lang.invoke.DirectMethodHandle$Holder.invokeSpecial(java.lang.Object, java.lang.Object, java.lang.Object, java.lang.Object, java.lang.Object, java.lang.Object, java.lang.Object, java.lang.Object, java.lang.Object, java.lang.Object, java.lang.Object, java.lang.Object, java.lang.Object, java.lang.Object, java.lang.Object, java.lang.Object, java.lang.Object, java.lang.Object)'> (0x00000000879f6640) 
thrown [s\src\hotspot\sh
Event: 26.316 Thread 0x00000175a3d941f0 Exception <a 'java/lang/NoSuchMethodError'{0x00000000879fbe38}: 'java.lang.Object java.lang.invoke.DelegatingMethodHandle$Holder.reinvoke_L(java.lang.Object, java.lang.Object, java.lang.Object, java.lang.Object, java.lang.Object, java.lang.Object, java.lang.Object, java.lang.Object, java.lang.Object, java.lang.Object, java.lang.Object, java.lang.Object, java.lang.Object, java.lang.Object, java.lang.Object, java.lang.Object, java.lang.Object)'> (0x00000000879fbe38) 
thrown [s\src\hotspot\share\interpreter\l
Event: 26.335 Thread 0x00000175a3d941f0 Exception <a 'java/lang/NoSuchMethodError'{0x0000000087889218}: 'void java.lang.invoke.DirectMethodHandle$Holder.invokeStatic(java.lang.Object, java.lang.Object, java.lang.Object, java.lang.Object, java.lang.Object, java.lang.Object)'> (0x0000000087889218) 
thrown [s\src\hotspot\share\interpreter\linkResolver.cpp, line 784]
Event: 26.588 Thread 0x00000175a3d941f0 Exception <a 'java/lang/NoSuchMethodError'{0x000000008730d688}: static Lorg/gradle/api/internal/catalog/DefaultVersionCatalog;.<clinit>()V> (0x000000008730d688) 
thrown [s\src\hotspot\share\prims\jni.cpp, line 1126]
Event: 26.597 Thread 0x00000175a3d941f0 Exception <a 'java/lang/NoSuchMethodError'{0x0000000087360d00}: static [Ljava/lang/Object;.<clinit>()V> (0x0000000087360d00) 
thrown [s\src\hotspot\share\prims\jni.cpp, line 1126]
Event: 26.600 Thread 0x00000175a3d941f0 Exception <a 'java/lang/NoSuchMethodError'{0x0000000087389b08}: static Lorg/gradle/api/internal/catalog/DependencyModel;.<clinit>()V> (0x0000000087389b08) 
thrown [s\src\hotspot\share\prims\jni.cpp, line 1126]
Event: 26.600 Thread 0x00000175a3d941f0 Exception <a 'java/lang/NoSuchMethodError'{0x000000008738d788}: static Lorg/gradle/api/internal/catalog/AbstractContextAwareModel;.<clinit>()V> (0x000000008738d788) 
thrown [s\src\hotspot\share\prims\jni.cpp, line 1126]
Event: 26.602 Thread 0x00000175a3d941f0 Exception <a 'java/lang/NoSuchMethodError'{0x00000000873a6fe0}: static Lorg/gradle/api/internal/artifacts/dependencies/AbstractVersionConstraint;.<clinit>()V> (0x00000000873a6fe0) 
thrown [s\src\hotspot\share\prims\jni.cpp, line 1126]
Event: 26.607 Thread 0x00000175a3d941f0 Exception <a 'java/lang/NoSuchMethodError'{0x00000000873f9538}: static Lorg/gradle/api/internal/catalog/PluginModel;.<clinit>()V> (0x00000000873f9538) 
thrown [s\src\hotspot\share\prims\jni.cpp, line 1126]
Event: 26.610 Thread 0x00000175a3d941f0 Exception <a 'java/lang/NoSuchMethodError'{0x0000000087210d18}: static Lorg/gradle/api/internal/catalog/VersionModel;.<clinit>()V> (0x0000000087210d18) 
thrown [s\src\hotspot\share\prims\jni.cpp, line 1126]
Event: 26.799 Thread 0x00000175a3d941f0 Exception <a 'java/lang/NoSuchMethodError'{0x0000000086fd2090}: 'int java.lang.invoke.DirectMethodHandle$Holder.invokeSpecialIFC(java.lang.Object, java.lang.Object, java.lang.Object)'> (0x0000000086fd2090) 
thrown [s\src\hotspot\share\interpreter\linkResolver.cpp, line 784]
Event: 26.972 Thread 0x00000175a3d941f0 Exception <a 'java/lang/NoSuchMethodError'{0x0000000086b80a78}: 'java.lang.Object java.lang.invoke.DirectMethodHandle$Holder.invokeSpecial(java.lang.Object, java.lang.Object, java.lang.Object, java.lang.Object, java.lang.Object, long)'> (0x0000000086b80a78) 
thrown [s\src\hotspot\share\interpreter\linkResolver.cpp, line 784]
Event: 26.976 Thread 0x00000175a3d941f0 Exception <a 'java/lang/NoSuchMethodError'{0x0000000086ba23a0}: 'void java.lang.invoke.DirectMethodHandle$Holder.invokeStatic(java.lang.Object, java.lang.Object, java.lang.Object, int, java.lang.Object)'> (0x0000000086ba23a0) 
thrown [s\src\hotspot\share\interpreter\linkResolver.cpp, line 784]
Event: 27.069 Thread 0x00000175a3d941f0 Implicit null exception at 0x0000017591d3819d to 0x0000017591d38404
Event: 31.504 Thread 0x00000175a3d941f0 Implicit null exception at 0x0000017591d5fb5d to 0x0000017591d60084
Event: 31.504 Thread 0x00000175a3d941f0 Implicit null exception at 0x0000017591d62fdf to 0x0000017591d634d8
Event: 34.425 Thread 0x00000175a3d941f0 Exception <a 'java/lang/NoSuchMethodError'{0x000000008a793290}: 'java.lang.Object java.lang.invoke.DirectMethodHandle$Holder.newInvokeSpecial(java.lang.Object, java.lang.Object, java.lang.Object, java.lang.Object, java.lang.Object, java.lang.Object, java.lang.Object, java.lang.Object, java.lang.Object, java.lang.Object, java.lang.Object, java.lang.Object, java.lang.Object, java.lang.Object, java.lang.Object, java.lang.Object)'> (0x000000008a793290) 
thrown [s\src\hotspot\share\interpreter\linkResolver.cpp,
Event: 34.427 Thread 0x00000175a3d941f0 Exception <a 'java/lang/NoSuchMethodError'{0x000000008a79a188}: 'java.lang.Object java.lang.invoke.DirectMethodHandle$Holder.invokeSpecial(java.lang.Object, java.lang.Object, java.lang.Object, java.lang.Object, java.lang.Object, java.lang.Object, java.lang.Object, java.lang.Object, java.lang.Object, java.lang.Object, java.lang.Object, java.lang.Object, java.lang.Object, java.lang.Object, java.lang.Object, java.lang.Object, java.lang.Object)'> (0x000000008a79a188) 
thrown [s\src\hotspot\share\interpreter\li
Event: 34.428 Thread 0x00000175a3d941f0 Exception <a 'java/lang/NoSuchMethodError'{0x000000008a7a0008}: 'java.lang.Object java.lang.invoke.DelegatingMethodHandle$Holder.reinvoke_L(java.lang.Object, java.lang.Object, java.lang.Object, java.lang.Object, java.lang.Object, java.lang.Object, java.lang.Object, java.lang.Object, java.lang.Object, java.lang.Object, java.lang.Object, java.lang.Object, java.lang.Object, java.lang.Object, java.lang.Object, java.lang.Object)'> (0x000000008a7a0008) 
thrown [s\src\hotspot\share\interpreter\linkResolver.cpp, l
Event: 34.715 Thread 0x00000175a3d941f0 Exception <a 'java/lang/NoSuchMethodError'{0x000000008a1079e0}: 'void java.lang.invoke.DirectMethodHandle$Holder.invokeVirtual(java.lang.Object, java.lang.Object)'> (0x000000008a1079e0) 
thrown [s\src\hotspot\share\interpreter\linkResolver.cpp, line 784]

ZGC Phase Switch (0 events):
No events

VM Operations (20 events):
Event: 31.848 Executing VM operation: G1TryInitiateConcMark (G1 Humongous Allocation)
Event: 31.856 Executing VM operation: G1TryInitiateConcMark (G1 Humongous Allocation) done
Event: 31.898 Executing VM operation: G1PauseRemark
Event: 31.905 Executing VM operation: G1PauseRemark done
Event: 31.924 Executing VM operation: G1PauseCleanup
Event: 31.924 Executing VM operation: G1PauseCleanup done
Event: 32.927 Executing VM operation: Cleanup
Event: 32.927 Executing VM operation: Cleanup done
Event: 33.697 Executing VM operation: G1CollectForAllocation (G1 Evacuation Pause)
Event: 33.702 Executing VM operation: G1CollectForAllocation (G1 Evacuation Pause) done
Event: 34.710 Executing VM operation: Cleanup
Event: 34.712 Executing VM operation: Cleanup done
Event: 35.186 Executing VM operation: HandshakeAllThreads (Deoptimize)
Event: 35.187 Executing VM operation: HandshakeAllThreads (Deoptimize) done
Event: 35.304 Executing VM operation: HandshakeAllThreads (Deoptimize)
Event: 35.304 Executing VM operation: HandshakeAllThreads (Deoptimize) done
Event: 36.316 Executing VM operation: Cleanup
Event: 36.317 Executing VM operation: Cleanup done
Event: 36.647 Executing VM operation: G1CollectForAllocation (G1 Evacuation Pause)
Event: 36.658 Executing VM operation: G1CollectForAllocation (G1 Evacuation Pause) done

Events (20 events):
Event: 31.903 Thread 0x000001759e4de430 flushing nmethod 0x0000017589f6b890
Event: 31.903 Thread 0x000001759e4de430 flushing nmethod 0x0000017591cef110
Event: 31.903 Thread 0x000001759e4de430 flushing nmethod 0x0000017591d08410
Event: 31.903 Thread 0x000001759e4de430 flushing nmethod 0x0000017591d3bc10
Event: 31.903 Thread 0x000001759e4de430 flushing nmethod 0x0000017591d37f90
Event: 31.903 Thread 0x000001759e4de430 flushing nmethod 0x0000017591d51990
Event: 31.903 Thread 0x000001759e4de430 flushing nmethod 0x0000017591cc5490
Event: 31.903 Thread 0x000001759e4de430 flushing nmethod 0x0000017591cba090
Event: 31.903 Thread 0x000001759e4de430 flushing nmethod 0x0000017591c94b10
Event: 31.903 Thread 0x000001759e4de430 flushing nmethod 0x0000017591c9f790
Event: 31.903 Thread 0x000001759e4de430 flushing nmethod 0x0000017591be1810
Event: 31.903 Thread 0x000001759e4de430 flushing nmethod 0x0000017591c52c90
Event: 31.903 Thread 0x000001759e4de430 flushing nmethod 0x0000017591c31110
Event: 31.903 Thread 0x000001759e4de430 flushing nmethod 0x0000017591aca190
Event: 31.903 Thread 0x000001759e4de430 flushing nmethod 0x0000017591baba90
Event: 31.903 Thread 0x000001759e4de430 flushing nmethod 0x0000017591b9d090
Event: 31.903 Thread 0x000001759e4de430 flushing nmethod 0x0000017591b3d390
Event: 31.904 Thread 0x000001759e4de430 flushing nmethod 0x0000017591ab5d90
Event: 31.904 Thread 0x000001759e4de430 flushing nmethod 0x0000017591a85f10
Event: 34.647 Thread 0x00000175a7897ee0 Thread added: 0x00000175a7897ee0


Dynamic libraries:
0x00007ff712000000 - 0x00007ff71200a000 	C:\Program Files\Android\Android Studio\jbr\bin\java.exe
0x00007fff951d0000 - 0x00007fff953e7000 	C:\Windows\SYSTEM32\ntdll.dll
0x00007fff93770000 - 0x00007fff93834000 	C:\Windows\System32\KERNEL32.DLL
0x00007fff927a0000 - 0x00007fff92b5a000 	C:\Windows\System32\KERNELBASE.dll
0x00007fff92540000 - 0x00007fff92651000 	C:\Windows\System32\ucrtbase.dll
0x00007fff6f660000 - 0x00007fff6f678000 	C:\Program Files\Android\Android Studio\jbr\bin\jli.dll
0x00007fff8deb0000 - 0x00007fff8decb000 	C:\Program Files\Android\Android Studio\jbr\bin\VCRUNTIME140.dll
0x00007fff930c0000 - 0x00007fff9326e000 	C:\Windows\System32\USER32.dll
0x00007fff92c80000 - 0x00007fff92ca6000 	C:\Windows\System32\win32u.dll
0x00007fff94b30000 - 0x00007fff94b59000 	C:\Windows\System32\GDI32.dll
0x00007fff74fe0000 - 0x00007fff75272000 	C:\Windows\WinSxS\amd64_microsoft.windows.common-controls_6595b64144ccf1df_6.0.22621.4541_none_2710d1c57384c085\COMCTL32.dll
0x00007fff92b60000 - 0x00007fff92c7b000 	C:\Windows\System32\gdi32full.dll
0x00007fff92f50000 - 0x00007fff92ff7000 	C:\Windows\System32\msvcrt.dll
0x00007fff924a0000 - 0x00007fff9253a000 	C:\Windows\System32\msvcp_win.dll
0x00007fff95140000 - 0x00007fff95171000 	C:\Windows\System32\IMM32.DLL
0x00007fff8dc70000 - 0x00007fff8dc7c000 	C:\Program Files\Android\Android Studio\jbr\bin\vcruntime140_1.dll
0x00007fff4e740000 - 0x00007fff4e7cd000 	C:\Program Files\Android\Android Studio\jbr\bin\msvcp140.dll
0x00007fff00340000 - 0x00007fff00fbd000 	C:\Program Files\Android\Android Studio\jbr\bin\server\jvm.dll
0x00007fff93300000 - 0x00007fff933b2000 	C:\Windows\System32\ADVAPI32.dll
0x00007fff94a80000 - 0x00007fff94b27000 	C:\Windows\System32\sechost.dll
0x00007fff92d30000 - 0x00007fff92d58000 	C:\Windows\System32\bcrypt.dll
0x00007fff93f20000 - 0x00007fff94034000 	C:\Windows\System32\RPCRT4.dll
0x00007fff93840000 - 0x00007fff938b1000 	C:\Windows\System32\WS2_32.dll
0x00007fff921c0000 - 0x00007fff9220d000 	C:\Windows\SYSTEM32\POWRPROF.dll
0x00007fff8c540000 - 0x00007fff8c574000 	C:\Windows\SYSTEM32\WINMM.dll
0x00007fff88710000 - 0x00007fff8871a000 	C:\Windows\SYSTEM32\VERSION.dll
0x00007fff921a0000 - 0x00007fff921b3000 	C:\Windows\SYSTEM32\UMPDC.dll
0x00007fff914c0000 - 0x00007fff914d8000 	C:\Windows\SYSTEM32\kernel.appcore.dll
0x00007fff8dc60000 - 0x00007fff8dc6a000 	C:\Program Files\Android\Android Studio\jbr\bin\jimage.dll
0x00007fff8fe50000 - 0x00007fff90082000 	C:\Windows\SYSTEM32\DBGHELP.DLL
0x00007fff938c0000 - 0x00007fff93c4f000 	C:\Windows\System32\combase.dll
0x00007fff93450000 - 0x00007fff93527000 	C:\Windows\System32\OLEAUT32.dll
0x00007fff7b9f0000 - 0x00007fff7ba22000 	C:\Windows\SYSTEM32\dbgcore.DLL
0x00007fff92cb0000 - 0x00007fff92d2b000 	C:\Windows\System32\bcryptPrimitives.dll
0x00007fff700d0000 - 0x00007fff700de000 	C:\Program Files\Android\Android Studio\jbr\bin\instrument.dll
0x00007fff8dbb0000 - 0x00007fff8dbcf000 	C:\Program Files\Android\Android Studio\jbr\bin\java.dll
0x00007fff8db90000 - 0x00007fff8dba8000 	C:\Program Files\Android\Android Studio\jbr\bin\zip.dll
0x00007fff94040000 - 0x00007fff948b8000 	C:\Windows\System32\SHELL32.dll
0x00007fff90390000 - 0x00007fff90c98000 	C:\Windows\SYSTEM32\windows.storage.dll
0x00007fff90250000 - 0x00007fff9038f000 	C:\Windows\SYSTEM32\wintypes.dll
0x00007fff93e20000 - 0x00007fff93f1a000 	C:\Windows\System32\SHCORE.dll
0x00007fff950e0000 - 0x00007fff9513e000 	C:\Windows\System32\shlwapi.dll
0x00007fff923d0000 - 0x00007fff923fb000 	C:\Windows\SYSTEM32\profapi.dll
0x00007fff8dc40000 - 0x00007fff8dc50000 	C:\Program Files\Android\Android Studio\jbr\bin\net.dll
0x00007fff8d5c0000 - 0x00007fff8d6f6000 	C:\Windows\SYSTEM32\WINHTTP.dll
0x00007fff91960000 - 0x00007fff919c9000 	C:\Windows\system32\mswsock.dll
0x00007fff8c630000 - 0x00007fff8c646000 	C:\Program Files\Android\Android Studio\jbr\bin\nio.dll
0x00007fff866b0000 - 0x00007fff866c0000 	C:\Program Files\Android\Android Studio\jbr\bin\verify.dll
0x00007fff865b0000 - 0x00007fff865d7000 	C:\Users\kasth\.gradle\native\c067742578af261105cb4f569cf0c3c89f3d7b1fecec35dd04571415982c5e48\windows-amd64\native-platform.dll
0x00007fff04f80000 - 0x00007fff050c4000 	C:\Users\kasth\.gradle\native\100fb08df4bc3b14c8652ba06237920a3bd2aa13389f12d3474272988ae205f9\windows-amd64\native-platform-file-events.dll
0x00007fff8a360000 - 0x00007fff8a369000 	C:\Program Files\Android\Android Studio\jbr\bin\management.dll
0x00007fff8a350000 - 0x00007fff8a35b000 	C:\Program Files\Android\Android Studio\jbr\bin\management_ext.dll
0x00007fff93760000 - 0x00007fff93768000 	C:\Windows\System32\PSAPI.DLL
0x00007fff91bb0000 - 0x00007fff91bcb000 	C:\Windows\SYSTEM32\CRYPTSP.dll
0x00007fff91420000 - 0x00007fff91455000 	C:\Windows\system32\rsaenh.dll
0x00007fff91a50000 - 0x00007fff91a78000 	C:\Windows\SYSTEM32\USERENV.dll
0x00007fff91bd0000 - 0x00007fff91bdc000 	C:\Windows\SYSTEM32\CRYPTBASE.dll
0x00007fff90f00000 - 0x00007fff90f2d000 	C:\Windows\SYSTEM32\IPHLPAPI.DLL
0x00007fff93270000 - 0x00007fff93279000 	C:\Windows\System32\NSI.dll
0x00007fff8db80000 - 0x00007fff8db89000 	C:\Program Files\Android\Android Studio\jbr\bin\extnet.dll
0x00007fff291d0000 - 0x00007fff291d8000 	C:\Windows\system32\wshunix.dll

dbghelp: loaded successfully - version: 4.0.5 - missing functions: none
symbol engine: initialized successfully - sym options: 0x614 - pdb path: .;C:\Program Files\Android\Android Studio\jbr\bin;C:\Windows\SYSTEM32;C:\Windows\WinSxS\amd64_microsoft.windows.common-controls_6595b64144ccf1df_6.0.22621.4541_none_2710d1c57384c085;C:\Program Files\Android\Android Studio\jbr\bin\server;C:\Users\kasth\.gradle\native\c067742578af261105cb4f569cf0c3c89f3d7b1fecec35dd04571415982c5e48\windows-amd64;C:\Users\kasth\.gradle\native\100fb08df4bc3b14c8652ba06237920a3bd2aa13389f12d3474272988ae205f9\windows-amd64

VM Arguments:
jvm_args: --add-opens=java.base/java.util=ALL-UNNAMED --add-opens=java.base/java.lang=ALL-UNNAMED --add-opens=java.base/java.lang.invoke=ALL-UNNAMED --add-opens=java.prefs/java.util.prefs=ALL-UNNAMED --add-exports=jdk.compiler/com.sun.tools.javac.api=ALL-UNNAMED --add-exports=jdk.compiler/com.sun.tools.javac.util=ALL-UNNAMED --add-opens=java.base/java.nio.charset=ALL-UNNAMED --add-opens=java.base/java.net=ALL-UNNAMED --add-opens=java.base/java.util.concurrent.atomic=ALL-UNNAMED -Xmx2048m -Dfile.encoding=UTF-8 -Duser.country=IN -Duser.language=en -Duser.variant -javaagent:C:\Users\kasth\.gradle\wrapper\dists\gradle-8.9-bin\90cnw93cvbtalezasaz0blq0a\gradle-8.9\lib\agents\gradle-instrumentation-agent-8.9.jar 
java_command: org.gradle.launcher.daemon.bootstrap.GradleDaemon 8.9
java_class_path (initial): C:\Users\kasth\.gradle\wrapper\dists\gradle-8.9-bin\90cnw93cvbtalezasaz0blq0a\gradle-8.9\lib\gradle-daemon-main-8.9.jar
Launcher Type: SUN_STANDARD

[Global flags]
     intx CICompilerCount                          = 4                                         {product} {ergonomic}
     uint ConcGCThreads                            = 3                                         {product} {ergonomic}
     uint G1ConcRefinementThreads                  = 10                                        {product} {ergonomic}
   size_t G1HeapRegionSize                         = 1048576                                   {product} {ergonomic}
    uintx GCDrainStackTargetSize                   = 64                                        {product} {ergonomic}
   size_t InitialHeapSize                          = 98566144                                  {product} {ergonomic}
   size_t MarkStackSize                            = 4194304                                   {product} {ergonomic}
   size_t MaxHeapSize                              = 2147483648                                {product} {command line}
   size_t MaxNewSize                               = 1287651328                                {product} {ergonomic}
   size_t MinHeapDeltaBytes                        = 1048576                                   {product} {ergonomic}
   size_t MinHeapSize                              = 8388608                                   {product} {ergonomic}
    uintx NonNMethodCodeHeapSize                   = 5839372                                {pd product} {ergonomic}
    uintx NonProfiledCodeHeapSize                  = 122909434                              {pd product} {ergonomic}
    uintx ProfiledCodeHeapSize                     = 122909434                              {pd product} {ergonomic}
    uintx ReservedCodeCacheSize                    = 251658240                              {pd product} {ergonomic}
     bool SegmentedCodeCache                       = true                                      {product} {ergonomic}
   size_t SoftMaxHeapSize                          = 2147483648                             {manageable} {ergonomic}
     bool UseCompressedOops                        = true                           {product lp64_product} {ergonomic}
     bool UseG1GC                                  = true                                      {product} {ergonomic}
     bool UseLargePagesIndividualAllocation        = false                                  {pd product} {ergonomic}

Logging:
Log output configuration:
 #0: stdout all=warning uptime,level,tags foldmultilines=false
 #1: stderr all=off uptime,level,tags foldmultilines=false

Environment Variables:
CLASSPATH=C:\Program Files\Java\jdk-17\bin;.;
PATH=C:\Program Files\Python313\Scripts\;C:\Program Files\Python313\;C:\Windows\system32;C:\Windows;C:\Windows\System32\Wbem;C:\Windows\System32\WindowsPowerShell\v1.0\;C:\Windows\System32\OpenSSH\;C:\Program Files\Git\cmd;C:\Program Files\MySQL\MySQL Shell 8.0\bin\;C:\Users\kasth\AppData\Local\Microsoft\WindowsApps;C:\Users\kasth\AppData\Local\Programs\Microsoft VS Code\bin;C:\Program Files\JetBrains\IntelliJ IDEA 2024.3\bin;
USERNAME=kasth
OS=Windows_NT
PROCESSOR_IDENTIFIER=AMD64 Family 23 Model 104 Stepping 1, AuthenticAMD
TMP=C:\Users\kasth\AppData\Local\Temp
TEMP=C:\Users\kasth\AppData\Local\Temp




Periodic native trim disabled

JNI global refs:
JNI global refs: 28, weak refs: 5

JNI global refs memory usage: 835, weak refs: 833

Process memory usage:
Resident Set Size: 376112K (6% of 6133188K total physical memory with 89968K free physical memory)

OOME stack traces (most recent first):
Classloader memory used:
Loader org.gradle.internal.classloader.VisitableURLClassLoader                         : 36954K
Loader bootstrap                                                                       : 25392K
Loader org.gradle.initialization.MixInLegacyTypesClassLoader                           : 11626K
Loader org.gradle.internal.classloader.VisitableURLClassLoader$InstrumentingVisitableURLClassLoader: 10542K
Loader org.gradle.internal.classloader.VisitableURLClassLoader                         : 952K
Loader jdk.internal.loader.ClassLoaders$PlatformClassLoader                            : 516K
Loader jdk.internal.reflect.DelegatingClassLoader                                      : 275K
Loader jdk.internal.loader.ClassLoaders$AppClassLoader                                 : 230K
Loader org.gradle.groovy.scripts.internal.DefaultScriptCompilationHandler$ScriptClassLoader: 89912B
Loader org.codehaus.groovy.runtime.callsite.CallSiteClassLoader                        : 49672B

Classes loaded by more than one classloader:
Class Program                                                                         : loaded 4 times (x 71B)
Class org.gradle.api.GradleException                                                  : loaded 3 times (x 79B)
Class com.google.common.collect.RegularImmutableMap$KeySet                            : loaded 2 times (x 147B)
Class org.gradle.internal.classloader.FilteringClassLoader                            : loaded 2 times (x 102B)
Class [Lcom.google.common.base.AbstractIterator$State;                                : loaded 2 times (x 66B)
Class com.google.common.base.CharMatcher$IsEither                                     : loaded 2 times (x 108B)
Class org.gradle.internal.classloader.ClassLoaderHierarchy                            : loaded 2 times (x 67B)
Class com.google.common.collect.ImmutableEnumSet                                      : loaded 2 times (x 143B)
Class com.google.common.util.concurrent.ExecutionError                                : loaded 2 times (x 79B)
Class com.google.common.collect.ImmutableList$1                                       : loaded 2 times (x 94B)
Class org.gradle.api.internal.classpath.ManifestUtil                                  : loaded 2 times (x 68B)
Class com.google.common.collect.RegularImmutableMap                                   : loaded 2 times (x 118B)
Class com.google.common.collect.ImmutableMap$MapViewOfValuesAsSingletonSets           : loaded 2 times (x 122B)
Class org.jetbrains.plugins.gradle.model.GradleExtensions                             : loaded 2 times (x 67B)
Class org.jetbrains.plugins.gradle.model.AnnotationProcessingModel                    : loaded 2 times (x 67B)
Class [Lorg.objectweb.asm.Symbol;                                                     : loaded 2 times (x 66B)
Class org.objectweb.asm.ClassVisitor                                                  : loaded 2 times (x 85B)
Class com.google.common.collect.UnmodifiableListIterator                              : loaded 2 times (x 92B)
Class org.gradle.internal.operations.MultipleBuildOperationFailures                   : loaded 2 times (x 92B)
Class org.objectweb.asm.MethodTooLargeException                                       : loaded 2 times (x 80B)
Class [Lcom.google.common.cache.CacheBuilder$OneWeigher;                              : loaded 2 times (x 66B)
Class com.google.common.base.Suppliers                                                : loaded 2 times (x 68B)
Class com.google.common.base.Platform$JdkPatternCompiler                              : loaded 2 times (x 72B)
Class org.jetbrains.kotlin.idea.gradleTooling.model.noarg.NoArgModel                  : loaded 2 times (x 67B)
Class org.gradle.internal.classloader.DefaultClassLoaderFactory                       : loaded 2 times (x 79B)
Class com.google.common.base.CharMatcher$None                                         : loaded 2 times (x 109B)
Class kotlin.collections.AbstractList$Companion                                       : loaded 2 times (x 68B)
Class org.gradle.internal.classloader.ClassLoaderVisitor                              : loaded 2 times (x 73B)
Class [Lcom.google.common.collect.ImmutableMapEntry;                                  : loaded 2 times (x 66B)
Class org.gradle.api.internal.classpath.EffectiveClassPath                            : loaded 2 times (x 87B)
Class com.google.common.collect.ImmutableEnumMap                                      : loaded 2 times (x 122B)
Class com.google.common.collect.ListMultimap                                          : loaded 2 times (x 67B)
Class org.gradle.tooling.internal.gradle.DefaultProjectIdentifier                     : loaded 2 times (x 83B)
Class com.google.common.collect.Sets$1                                                : loaded 2 times (x 136B)
Class org.objectweb.asm.AnnotationVisitor                                             : loaded 2 times (x 75B)
Class com.google.common.base.Splitter                                                 : loaded 2 times (x 69B)
Class org.jetbrains.kotlin.idea.gradleTooling.model.allopen.AllOpenModel              : loaded 2 times (x 67B)
Class org.gradle.api.internal.DefaultClassPathProvider                                : loaded 2 times (x 73B)
Class com.google.common.collect.Sets$2                                                : loaded 2 times (x 136B)
Class [Lorg.gradle.api.internal.ClassPathProvider;                                    : loaded 2 times (x 66B)
Class org.gradle.api.internal.ClassPathProvider                                       : loaded 2 times (x 67B)
Class com.google.common.collect.Sets$3                                                : loaded 2 times (x 136B)
Class com.google.common.util.concurrent.AbstractFuture$SafeAtomicHelper               : loaded 2 times (x 76B)
Class com.google.common.cache.LocalCache$LocalLoadingCache                            : loaded 2 times (x 131B)
Class com.google.common.base.AbstractIterator$State                                   : loaded 2 times (x 76B)
Class org.gradle.internal.service.UnknownServiceException                             : loaded 2 times (x 80B)
Class com.google.common.collect.Sets$4                                                : loaded 2 times (x 136B)
Class org.objectweb.asm.ModuleVisitor                                                 : loaded 2 times (x 78B)
Class com.google.common.cache.LocalCache$Strength$1                                   : loaded 2 times (x 78B)
Class org.jetbrains.kotlin.idea.gradleTooling.KotlinDslScriptAdditionalTask           : loaded 2 times (x 67B)
Class com.google.common.util.concurrent.SettableFuture                                : loaded 2 times (x 111B)
Class com.google.common.cache.LocalCache$Strength$2                                   : loaded 2 times (x 78B)
Class com.google.common.cache.LocalCache$Strength$3                                   : loaded 2 times (x 78B)
Class com.google.common.collect.MapDifference                                         : loaded 2 times (x 67B)
Class com.google.common.base.Splitter$1                                               : loaded 2 times (x 74B)
Class org.objectweb.asm.FieldWriter                                                   : loaded 2 times (x 75B)
Class com.google.common.cache.CacheBuilder$NullListener                               : loaded 2 times (x 79B)
Class org.gradle.internal.classpath.TransformedClassPath                              : loaded 2 times (x 93B)
Class com.google.common.cache.CacheLoader$FunctionToCacheLoader                       : loaded 2 times (x 72B)
Class com.google.common.collect.Iterators$ArrayItr                                    : loaded 2 times (x 94B)
Class com.google.common.collect.ImmutableCollection$Builder                           : loaded 2 times (x 73B)
Class kotlin.enums.EnumEntriesList                                                    : loaded 2 times (x 220B)
Class com.google.common.base.MoreObjects                                              : loaded 2 times (x 68B)
Class [Lorg.objectweb.asm.Type;                                                       : loaded 2 times (x 66B)
Class com.google.common.collect.Platform                                              : loaded 2 times (x 68B)
Class com.google.common.base.Equivalence$Identity                                     : loaded 2 times (x 79B)
Class org.jetbrains.plugins.gradle.model.IntelliJSettings                             : loaded 2 times (x 67B)
Class org.jetbrains.kotlin.idea.gradleTooling.KotlinSourceSetContainer                : loaded 2 times (x 67B)
Class ijInit1_a7apin4u0cvhoa76cqive9plq                                               : loaded 2 times (x 176B)
Class org.gradle.internal.service.ServiceLocator                                      : loaded 2 times (x 67B)
Class com.google.common.base.Ascii                                                    : loaded 2 times (x 68B)
Class com.google.common.collect.SingletonImmutableBiMap                               : loaded 2 times (x 140B)
Class com.google.common.cache.LocalCache$1                                            : loaded 2 times (x 86B)
Class com.google.common.collect.AbstractMapEntry                                      : loaded 2 times (x 78B)
Class org.jetbrains.kotlin.android.synthetic.idea.AndroidExtensionsGradleModel        : loaded 2 times (x 67B)
Class sync_studio_tooling7036_3n9ksycz40ym477a3f89oelxj                               : loaded 2 times (x 176B)
Class org.gradle.tooling.model.UnsupportedMethodException                             : loaded 2 times (x 79B)
Class com.google.common.cache.LocalCache$2                                            : loaded 2 times (x 139B)
Class com.google.common.collect.AbstractMultimap                                      : loaded 2 times (x 120B)
Class com.google.common.util.concurrent.AbstractFuture$UnsafeAtomicHelper$1           : loaded 2 times (x 73B)
Class com.google.common.collect.RegularImmutableAsList                                : loaded 2 times (x 213B)
Class com.google.common.util.concurrent.AbstractFuture$Trusted                        : loaded 2 times (x 67B)
Class com.google.common.collect.Iterators                                             : loaded 2 times (x 68B)
Class com.google.common.base.CharMatcher$RangesMatcher                                : loaded 2 times (x 109B)
Class com.google.common.util.concurrent.UncheckedExecutionException                   : loaded 2 times (x 79B)
Class com.google.common.collect.Lists$StringAsImmutableList                           : loaded 2 times (x 204B)
Class org.gradle.kotlin.dsl.VersionCatalogAccessorsKt                                 : loaded 2 times (x 68B)
Class com.google.common.base.CharMatcher$JavaLetterOrDigit                            : loaded 2 times (x 108B)
Class org.gradle.internal.InternalTransformer                                         : loaded 2 times (x 67B)
Class org.objectweb.asm.ClassWriter                                                   : loaded 2 times (x 103B)
Class com.google.common.cache.CacheLoader$UnsupportedLoadingOperationException        : loaded 2 times (x 79B)
Class com.google.common.base.CharMatcher$And                                          : loaded 2 times (x 109B)
Class org.gradle.internal.time.DefaultTimer                                           : loaded 2 times (x 77B)
Class org.gradle.internal.classloader.ClasspathUtil$1                                 : loaded 2 times (x 73B)
Class org.objectweb.asm.FieldVisitor                                                  : loaded 2 times (x 74B)
Class com.google.common.collect.IndexedImmutableSet                                   : loaded 2 times (x 147B)
Class com.google.common.collect.ImmutableMap$1                                        : loaded 2 times (x 78B)
Class com.google.common.collect.BiMap                                                 : loaded 2 times (x 67B)
Class org.gradle.api.internal.classpath.DefaultModuleRegistry$DefaultModule           : loaded 2 times (x 83B)
Class com.google.common.primitives.Ints                                               : loaded 2 times (x 68B)
Class com.google.common.collect.AbstractIterator                                      : loaded 2 times (x 79B)
Class org.jetbrains.kotlin.idea.gradleTooling.model.lombok.LombokModel                : loaded 2 times (x 67B)
Class com.google.common.math.MathPreconditions                                        : loaded 2 times (x 68B)
Class com.google.common.collect.Multiset                                              : loaded 2 times (x 67B)
Class com.google.common.collect.ArrayListMultimapGwtSerializationDependencies         : loaded 2 times (x 169B)
Class com.google.common.collect.ObjectArrays                                          : loaded 2 times (x 68B)
Class com.google.common.collect.AbstractIndexedListIterator                           : loaded 2 times (x 93B)
Class org.gradle.internal.time.DefaultCountdownTimer                                  : loaded 2 times (x 85B)
Class com.google.common.collect.ImmutableMapEntrySet                                  : loaded 2 times (x 148B)
Class org.gradle.tooling.internal.gradle.DefaultBuildIdentifier                       : loaded 2 times (x 76B)
Class kotlin.Function                                                                 : loaded 2 times (x 67B)
Class org.gradle.api.internal.classpath.Module                                        : loaded 2 times (x 67B)
Class com.google.common.cache.Weigher                                                 : loaded 2 times (x 67B)
Class org.gradle.api.internal.classpath.UnknownModuleException                        : loaded 2 times (x 79B)
Class com.google.common.base.Stopwatch                                                : loaded 2 times (x 69B)
Class com.google.common.cache.LocalCache$Strength                                     : loaded 2 times (x 78B)
Class com.google.common.cache.Cache                                                   : loaded 2 times (x 67B)
Class com.intellij.openapi.externalSystem.model.project.dependencies.ProjectDependencies: loaded 2 times (x 67B)
Class com.google.common.util.concurrent.AbstractFuture$Cancellation                   : loaded 2 times (x 69B)
Class com.google.common.collect.ImmutableMap$Builder                                  : loaded 2 times (x 79B)
Class com.google.common.base.NullnessCasts                                            : loaded 2 times (x 68B)
Class com.google.common.cache.RemovalListener                                         : loaded 2 times (x 67B)
Class org.gradle.tooling.internal.gradle.GradleProjectIdentity                        : loaded 2 times (x 67B)
Class org.gradle.api.internal.DefaultClassPathRegistry                                : loaded 2 times (x 73B)
Class com.google.common.primitives.IntsMethodsForWeb                                  : loaded 2 times (x 68B)
Class com.google.common.collect.Multimap                                              : loaded 2 times (x 67B)
Class org.gradle.api.internal.ClassPathRegistry                                       : loaded 2 times (x 67B)
Class org.gradle.internal.classpath.DefaultClassPath$ImmutableUniqueList              : loaded 2 times (x 196B)
Class com.google.common.cache.CacheBuilder                                            : loaded 2 times (x 69B)
Class com.google.common.collect.SingletonImmutableList                                : loaded 2 times (x 204B)
Class com.google.common.collect.UnmodifiableIterator                                  : loaded 2 times (x 77B)
Class Settings_gradle$1                                                               : loaded 2 times (x 71B)
Class org.gradle.internal.classpath.ClassPath                                         : loaded 2 times (x 67B)
Class org.gradle.api.UncheckedIOException                                             : loaded 2 times (x 79B)
Class com.google.common.collect.ImmutableList$ReverseImmutableList                    : loaded 2 times (x 205B)
Class com.google.common.base.JdkPattern                                               : loaded 2 times (x 72B)
Class org.objectweb.asm.SymbolTable$Entry                                             : loaded 2 times (x 71B)
Class com.google.common.util.concurrent.AbstractFuture$AtomicHelper                   : loaded 2 times (x 75B)
Class org.jetbrains.kotlin.idea.gradleTooling.KotlinGradleModel                       : loaded 2 times (x 67B)
Class org.objectweb.asm.Edge                                                          : loaded 2 times (x 69B)
Class com.google.common.base.Suppliers$SupplierOfInstance                             : loaded 2 times (x 76B)
Class com.google.common.collect.Iterators$1                                           : loaded 2 times (x 78B)
Class org.gradle.tooling.model.Model                                                  : loaded 2 times (x 67B)
Class com.google.common.cache.LocalCache$ComputingValueReference                      : loaded 2 times (x 93B)
Class com.google.common.collect.SingletonImmutableSet                                 : loaded 2 times (x 143B)
Class com.google.common.collect.ImmutableMap$IteratorBasedImmutableMap                : loaded 2 times (x 122B)
Class kotlin.UninitializedPropertyAccessException                                     : loaded 2 times (x 79B)
Class com.google.common.cache.LocalCache$Segment                                      : loaded 2 times (x 151B)
Class org.jetbrains.plugins.gradle.model.IntelliJProjectSettings                      : loaded 2 times (x 67B)
Class org.jetbrains.kotlin.idea.gradleTooling.model.annotation.AnnotationBasedPluginModel: loaded 2 times (x 67B)
Class [Lorg.objectweb.asm.SymbolTable$Entry;                                          : loaded 2 times (x 66B)
Class com.google.common.cache.CacheLoader                                             : loaded 2 times (x 71B)
Class com.google.common.collect.Iterators$4                                           : loaded 2 times (x 79B)
Class com.google.common.collect.ImmutableBiMap                                        : loaded 2 times (x 140B)
Class com.google.common.collect.AbstractListMultimap                                  : loaded 2 times (x 169B)
Class org.gradle.internal.installation.GradleInstallation$1                           : loaded 2 times (x 72B)
Class org.gradle.api.internal.classpath.ModuleRegistry                                : loaded 2 times (x 67B)
Class com.google.common.util.concurrent.internal.InternalFutureFailureAccess          : loaded 2 times (x 69B)
Class com.google.common.collect.Iterators$5                                           : loaded 2 times (x 79B)
Class com.google.common.collect.ImmutableSet$JdkBackedSetBuilderImpl                  : loaded 2 times (x 73B)
Class com.google.common.base.Splitter$SplittingIterator                               : loaded 2 times (x 81B)
Class org.jetbrains.plugins.gradle.model.VersionCatalogsModel                         : loaded 2 times (x 67B)
Class com.google.common.util.concurrent.AbstractFuture$UnsafeAtomicHelper             : loaded 2 times (x 75B)
Class com.google.common.cache.LocalCache$LocalManualCache$1                           : loaded 2 times (x 72B)
Class com.google.common.base.CharMatcher$ForPredicate                                 : loaded 2 times (x 109B)
Class com.google.common.collect.ImmutableCollection                                   : loaded 2 times (x 122B)
Class com.google.common.base.CharMatcher$AnyOf                                        : loaded 2 times (x 109B)
Class org.gradle.api.internal.classpath.DefaultModuleRegistry                         : loaded 2 times (x 80B)
Class com.google.common.util.concurrent.ListenableFuture                              : loaded 2 times (x 67B)
Class com.google.common.cache.ReferenceEntry                                          : loaded 2 times (x 67B)
Class com.google.common.collect.ImmutableSet$CachingAsList                            : loaded 2 times (x 144B)
Class com.google.common.base.Converter                                                : loaded 2 times (x 87B)
Class com.google.common.collect.Lists                                                 : loaded 2 times (x 68B)
Class com.google.common.base.CharMatcher$Any                                          : loaded 2 times (x 109B)
Class com.google.common.util.concurrent.AbstractFuture                                : loaded 2 times (x 103B)
Class com.google.common.base.FunctionalEquivalence                                    : loaded 2 times (x 80B)
Class com.google.common.collect.Iterators$9                                           : loaded 2 times (x 78B)
Class com.google.common.collect.AbstractMapBasedMultimap                              : loaded 2 times (x 136B)
Class com.google.common.collect.ImmutableAsList                                       : loaded 2 times (x 206B)
Class org.objectweb.asm.RecordComponentVisitor                                        : loaded 2 times (x 74B)
Class com.google.common.cache.CacheLoader$SupplierToCacheLoader                       : loaded 2 times (x 72B)
Class com.google.common.collect.Maps$EntryTransformer                                 : loaded 2 times (x 67B)
Class org.gradle.internal.time.MonotonicClock                                         : loaded 2 times (x 74B)
Class org.gradle.internal.service.ServiceLookupException                              : loaded 2 times (x 79B)
Class [Lcom.google.common.cache.LocalCache$EntryFactory;                              : loaded 2 times (x 66B)
Class com.google.common.base.CharMatcher$JavaLetter                                   : loaded 2 times (x 108B)
Class org.gradle.internal.classloader.ClassLoaderFactory                              : loaded 2 times (x 67B)
Class com.google.common.cache.LocalCache$LocalManualCache                             : loaded 2 times (x 96B)
Class com.google.common.base.CharMatcher$IsNot                                        : loaded 2 times (x 108B)
Class com.google.common.base.CommonPattern                                            : loaded 2 times (x 71B)
Class org.gradle.internal.service.CachingServiceLocator                               : loaded 2 times (x 79B)
Class com.google.common.math.IntMath                                                  : loaded 2 times (x 68B)
Class org.jetbrains.plugins.gradle.model.RepositoryModels                             : loaded 2 times (x 67B)
Class com.google.common.collect.Iterators$10                                          : loaded 2 times (x 78B)
Class com.google.common.collect.ImmutableMapEntry                                     : loaded 2 times (x 82B)
Class com.google.common.base.CharMatcher$JavaDigit                                    : loaded 2 times (x 108B)
Class org.gradle.internal.time.TimeSource                                             : loaded 2 times (x 67B)
Class com.google.common.base.Equivalence                                              : loaded 2 times (x 79B)
Class com.google.common.collect.ImmutableMapEntry$NonTerminalImmutableMapEntry        : loaded 2 times (x 82B)
Class com.google.common.base.Function                                                 : loaded 2 times (x 67B)
Class org.gradle.tooling.internal.gradle.GradleBuildIdentity                          : loaded 2 times (x 67B)
Class kotlin.enums.EnumEntries                                                        : loaded 2 times (x 67B)
Class com.google.common.collect.IndexedImmutableSet$1                                 : loaded 2 times (x 209B)
Class com.google.common.cache.CacheBuilder$OneWeigher                                 : loaded 2 times (x 79B)
Class com.google.common.collect.RegularImmutableList                                  : loaded 2 times (x 209B)
Class org.gradle.internal.exceptions.ResolutionProvider                               : loaded 2 times (x 67B)
Class com.google.common.collect.ImmutableBiMapFauxverideShim                          : loaded 2 times (x 117B)
Class org.gradle.tooling.model.ProjectIdentifier                                      : loaded 2 times (x 67B)
Class org.gradle.internal.classloader.ClasspathUtil                                   : loaded 2 times (x 68B)
Class com.google.common.base.Charsets                                                 : loaded 2 times (x 68B)
Class com.google.common.util.concurrent.Uninterruptibles                              : loaded 2 times (x 68B)
Class com.google.common.collect.Maps                                                  : loaded 2 times (x 68B)
Class com.google.common.base.CharMatcher$JavaUpperCase                                : loaded 2 times (x 108B)
Class org.gradle.internal.time.TimeSource$1                                           : loaded 2 times (x 74B)
Class kotlin.jvm.internal.DefaultConstructorMarker                                    : loaded 2 times (x 68B)
Class org.gradle.api.specs.Spec                                                       : loaded 2 times (x 67B)
Class [Lcom.google.common.collect.ImmutableEntry;                                     : loaded 2 times (x 66B)
Class com.google.common.cache.LocalCache$LoadingValueReference                        : loaded 2 times (x 93B)
Class com.google.common.base.Platform                                                 : loaded 2 times (x 68B)
Class Build_gradle$1                                                                  : loaded 2 times (x 75B)
Class org.gradle.internal.time.Clock                                                  : loaded 2 times (x 67B)
Class com.google.common.primitives.Ints$IntConverter                                  : loaded 2 times (x 87B)
Class com.google.common.collect.Maps$8                                                : loaded 2 times (x 79B)
Class org.jetbrains.plugins.gradle.model.jar.JarTaskManifestConfiguration             : loaded 2 times (x 67B)
Class kotlin.collections.AbstractList                                                 : loaded 2 times (x 194B)
Class kotlin.collections.AbstractCollection                                           : loaded 2 times (x 114B)
Class com.google.common.collect.Sets$SetView                                          : loaded 2 times (x 135B)
Class com.google.common.cache.LocalCache$StrongValueReference                         : loaded 2 times (x 87B)
Class com.google.common.util.concurrent.AbstractFuture$SynchronizedHelper             : loaded 2 times (x 75B)
Class com.google.common.base.CharMatcher$Invisible                                    : loaded 2 times (x 109B)
Class org.objectweb.asm.Type                                                          : loaded 2 times (x 69B)
Class org.gradle.internal.classloader.VisitableURLClassLoader$InstrumentingVisitableURLClassLoader: loaded 2 times (x 120B)
Class org.objectweb.asm.ByteVector                                                    : loaded 2 times (x 76B)
Class [Lcom.google.common.cache.CacheBuilder$NullListener;                            : loaded 2 times (x 66B)
Class com.google.common.math.IntMath$1                                                : loaded 2 times (x 68B)
Class org.gradle.internal.classloader.VisitableURLClassLoader$Spec                    : loaded 2 times (x 71B)
Class org.gradle.internal.classpath.DefaultClassPath                                  : loaded 2 times (x 87B)
Class org.objectweb.asm.Symbol                                                        : loaded 2 times (x 70B)
Class com.google.common.base.AbstractIterator                                         : loaded 2 times (x 77B)
Class com.google.common.collect.RegularImmutableMap$Values                            : loaded 2 times (x 204B)
Class com.google.common.collect.ImmutableSet                                          : loaded 2 times (x 142B)
Class com.google.common.base.CharMatcher$BitSetMatcher                                : loaded 2 times (x 109B)
Class com.google.common.base.CharMatcher$Ascii                                        : loaded 2 times (x 109B)
Class org.gradle.internal.classloader.ClassLoaderSpec                                 : loaded 2 times (x 68B)
Class org.objectweb.asm.AnnotationWriter                                              : loaded 2 times (x 76B)
Class com.google.common.cache.CacheStats                                              : loaded 2 times (x 68B)
Class org.objectweb.asm.RecordComponentWriter                                         : loaded 2 times (x 75B)
Class com.google.common.util.concurrent.AbstractFuture$Listener                       : loaded 2 times (x 69B)
Class com.google.common.base.CharMatcher$Or                                           : loaded 2 times (x 109B)
Class Settings_gradle$1$1                                                             : loaded 2 times (x 71B)
Class org.objectweb.asm.Attribute                                                     : loaded 2 times (x 74B)
Class com.google.common.base.Supplier                                                 : loaded 2 times (x 67B)
Class org.gradle.internal.classloader.VisitableURLClassLoader                         : loaded 2 times (x 114B)
Class com.google.common.util.concurrent.AbstractFuture$Waiter                         : loaded 2 times (x 69B)
Class Settings_gradle                                                                 : loaded 2 times (x 125B)
Class org.gradle.internal.Cast                                                        : loaded 2 times (x 68B)
Class org.gradle.api.Action                                                           : loaded 2 times (x 67B)
Class com.google.common.collect.Sets                                                  : loaded 2 times (x 68B)
Class org.objectweb.asm.Handler                                                       : loaded 2 times (x 69B)
Class com.google.common.base.Ticker                                                   : loaded 2 times (x 69B)
Class com.google.common.base.Strings                                                  : loaded 2 times (x 68B)
Class com.google.common.base.CharMatcher$FastMatcher                                  : loaded 2 times (x 108B)
Class kotlin.jvm.functions.Function1                                                  : loaded 2 times (x 67B)
Class org.gradle.internal.agents.InstrumentingClassLoader                             : loaded 2 times (x 67B)
Class [Lcom.google.common.cache.LocalCache$Segment;                                   : loaded 2 times (x 66B)
Class [Lcom.google.common.cache.LocalCache$Strength;                                  : loaded 2 times (x 66B)
Class com.google.common.cache.CacheBuilder$1                                          : loaded 2 times (x 82B)
Class com.google.common.collect.ImmutableMap                                          : loaded 2 times (x 117B)
Class com.google.common.base.Predicate                                                : loaded 2 times (x 67B)
Class org.gradle.internal.classpath.DefaultClassPath$ImmutableUniqueList$Builder      : loaded 2 times (x 72B)
Class com.google.common.cache.LocalCache                                              : loaded 2 times (x 184B)
Class com.google.common.cache.CacheBuilder$2                                          : loaded 2 times (x 69B)
Class com.google.common.base.CharMatcher$NegatedFastMatcher                           : loaded 2 times (x 110B)
Class [Lcom.google.common.collect.AbstractMapEntry;                                   : loaded 2 times (x 66B)
Class com.google.common.collect.ImmutableEntry                                        : loaded 2 times (x 79B)
Class com.google.common.collect.ArrayListMultimap                                     : loaded 2 times (x 169B)
Class com.google.common.base.AbstractIterator$1                                       : loaded 2 times (x 68B)
Class com.google.common.base.CharMatcher$Digit                                        : loaded 2 times (x 109B)
Class org.jetbrains.kotlin.idea.gradleTooling.model.samWithReceiver.SamWithReceiverModel: loaded 2 times (x 67B)
Class com.google.common.base.PairwiseEquivalence                                      : loaded 2 times (x 80B)
Class org.gradle.internal.exceptions.NonGradleCauseExceptionsHolder                   : loaded 2 times (x 67B)
Class com.google.common.collect.CollectPreconditions                                  : loaded 2 times (x 68B)
Class com.google.common.base.CharMatcher$JavaIsoControl                               : loaded 2 times (x 109B)
Class com.google.common.collect.SortedMapDifference                                   : loaded 2 times (x 67B)
Class com.google.common.base.CharMatcher$JavaLowerCase                                : loaded 2 times (x 108B)
Class com.google.common.cache.LocalCache$EntryFactory                                 : loaded 2 times (x 80B)
Class com.google.common.cache.LocalCache$AbstractReferenceEntry                       : loaded 2 times (x 104B)
Class com.google.common.base.Splitter$1$1                                             : loaded 2 times (x 83B)
Class com.google.common.base.CharMatcher$Whitespace                                   : loaded 2 times (x 109B)
Class org.jetbrains.kotlin.idea.gradleTooling.model.assignment.AssignmentModel        : loaded 2 times (x 67B)
Class kotlin.enums.EnumEntriesKt                                                      : loaded 2 times (x 68B)
Class org.gradle.internal.IoActions                                                   : loaded 2 times (x 68B)
Class org.objectweb.asm.SymbolTable                                                   : loaded 2 times (x 69B)
Class com.google.common.cache.CacheLoader$InvalidCacheLoadException                   : loaded 2 times (x 79B)
Class com.google.common.collect.ImmutableSet$RegularSetBuilderImpl                    : loaded 2 times (x 74B)
Class com.google.common.base.CharMatcher$SingleWidth                                  : loaded 2 times (x 109B)
Class org.gradle.internal.classloader.SystemClassLoaderSpec                           : loaded 2 times (x 68B)
Class com.google.common.cache.LocalCache$StrongEntry                                  : loaded 2 times (x 105B)
Class com.google.common.util.concurrent.AbstractFuture$TrustedFuture                  : loaded 2 times (x 111B)
Class com.google.common.cache.LoadingCache                                            : loaded 2 times (x 67B)
Class org.gradle.internal.exceptions.MultiCauseException                              : loaded 2 times (x 67B)
Class org.gradle.internal.time.CountdownTimer                                         : loaded 2 times (x 67B)
Class kotlin.jvm.internal.Intrinsics                                                  : loaded 2 times (x 68B)
Class org.objectweb.asm.MethodWriter                                                  : loaded 2 times (x 103B)
Class [Lcom.google.common.cache.Weigher;                                              : loaded 2 times (x 66B)
Class com.google.common.collect.RegularImmutableMap$BucketOverflowException           : loaded 2 times (x 79B)
Class org.jetbrains.kotlin.idea.gradleTooling.model.parcelize.ParcelizeGradleModel    : loaded 2 times (x 67B)
Class org.gradle.tooling.model.ProjectModel                                           : loaded 2 times (x 67B)
Class kotlin.KotlinNullPointerException                                               : loaded 2 times (x 80B)
Class com.google.common.collect.RegularImmutableBiMap                                 : loaded 2 times (x 145B)
Class com.google.common.cache.LocalCache$ValueReference                               : loaded 2 times (x 67B)
Class com.google.common.base.CharMatcher$Negated                                      : loaded 2 times (x 110B)
Class com.google.common.base.CharMatcher$Is                                           : loaded 2 times (x 108B)
Class org.jetbrains.plugins.gradle.model.tests.ExternalTestsModel                     : loaded 2 times (x 67B)
Class org.gradle.internal.exceptions.DefaultMultiCauseException                       : loaded 2 times (x 92B)
Class com.google.common.util.concurrent.AbstractFuture$Failure                        : loaded 2 times (x 69B)
Class com.google.common.base.Equivalence$Equals                                       : loaded 2 times (x 79B)
Class com.google.common.collect.Hashing                                               : loaded 2 times (x 68B)
Class com.google.common.base.PatternCompiler                                          : loaded 2 times (x 67B)
Class com.google.common.base.Preconditions                                            : loaded 2 times (x 68B)
Class org.objectweb.asm.Label                                                         : loaded 2 times (x 70B)
Class org.objectweb.asm.CurrentFrame                                                  : loaded 2 times (x 70B)
Class org.objectweb.asm.ClassTooLargeException                                        : loaded 2 times (x 80B)
Class com.google.common.collect.PeekingIterator                                       : loaded 2 times (x 67B)
Class com.google.common.base.CharMatcher                                              : loaded 2 times (x 108B)
Class org.gradle.internal.time.Time                                                   : loaded 2 times (x 68B)
Class org.objectweb.asm.Frame                                                         : loaded 2 times (x 70B)
Class org.objectweb.asm.MethodVisitor                                                 : loaded 2 times (x 102B)
Class com.google.common.cache.LocalCache$EntryFactory$1                               : loaded 2 times (x 80B)
Class [Lcom.google.common.cache.RemovalListener;                                      : loaded 2 times (x 66B)
Class com.google.common.base.CharMatcher$1                                            : loaded 2 times (x 110B)
Class com.google.common.base.CharMatcher$NamedFastMatcher                             : loaded 2 times (x 109B)
Class com.google.common.cache.LocalCache$EntryFactory$2                               : loaded 2 times (x 80B)
Class org.jetbrains.plugins.gradle.model.DependencyAccessorsModel                     : loaded 2 times (x 67B)
Class org.objectweb.asm.ModuleWriter                                                  : loaded 2 times (x 79B)
Class com.google.common.cache.LocalCache$EntryFactory$3                               : loaded 2 times (x 80B)
Class com.google.common.base.Ticker$1                                                 : loaded 2 times (x 69B)
Class com.google.common.collect.ImmutableMapEntrySet$RegularEntrySet                  : loaded 2 times (x 148B)
Class com.google.common.collect.Maps$BiMapConverter                                   : loaded 2 times (x 87B)
Class org.jetbrains.kotlin.idea.gradleTooling.KotlinMPPGradleModel                    : loaded 2 times (x 67B)
Class org.gradle.tooling.model.BuildIdentifier                                        : loaded 2 times (x 67B)
Class com.google.common.cache.LocalCache$EntryFactory$4                               : loaded 2 times (x 80B)
Class com.google.common.collect.ImmutableSet$Builder                                  : loaded 2 times (x 82B)
Class com.google.common.base.CharMatcher$InRange                                      : loaded 2 times (x 108B)
Class org.jetbrains.kotlin.idea.gradleTooling.PrepareKotlinIdeImportTaskModel         : loaded 2 times (x 67B)
Class com.google.common.cache.LocalCache$EntryFactory$5                               : loaded 2 times (x 80B)
Class com.google.common.cache.LocalCache$EntryFactory$6                               : loaded 2 times (x 80B)
Class Build_gradle                                                                    : loaded 2 times (x 69B)
Class org.gradle.internal.time.Timer                                                  : loaded 2 times (x 67B)
Class kotlin.jvm.internal.markers.KMappedMarker                                       : loaded 2 times (x 67B)
Class org.gradle.internal.installation.CurrentGradleInstallationLocator               : loaded 2 times (x 68B)
Class com.google.common.cache.LocalCache$EntryFactory$7                               : loaded 2 times (x 80B)
Class com.google.common.collect.ImmutableSet$EmptySetBuilderImpl                      : loaded 2 times (x 73B)
Class com.google.common.collect.ImmutableList                                         : loaded 2 times (x 203B)
Class org.gradle.internal.service.DefaultServiceLocator                               : loaded 2 times (x 80B)
Class com.google.common.cache.LocalCache$EntryFactory$8                               : loaded 2 times (x 80B)
Class com.google.common.collect.ImmutableSet$SetBuilderImpl                           : loaded 2 times (x 73B)
Class org.gradle.util.GradleVersion                                                   : loaded 2 times (x 80B)
Class org.gradle.internal.installation.CurrentGradleInstallation                      : loaded 2 times (x 70B)
Class com.google.common.cache.CacheLoader$1                                           : loaded 2 times (x 72B)
Class com.google.common.collect.ImmutableList$SubList                                 : loaded 2 times (x 205B)
Class org.gradle.util.internal.GUtil                                                  : loaded 2 times (x 68B)
Class com.google.common.util.concurrent.AbstractFuture$SetFuture                      : loaded 2 times (x 72B)
Class com.google.common.cache.AbstractCache$StatsCounter                              : loaded 2 times (x 67B)
Class com.google.common.collect.Iterators$MergingIterator                             : loaded 2 times (x 78B)
Class com.google.common.collect.RegularImmutableSet                                   : loaded 2 times (x 145B)
Class org.gradle.internal.installation.GradleInstallation                             : loaded 2 times (x 72B)
Class com.google.common.collect.Iterables                                             : loaded 2 times (x 68B)
Class com.google.common.base.Splitter$Strategy                                        : loaded 2 times (x 67B)

---------------  S Y S T E M  ---------------

OS:
 Windows 11 , 64 bit Build 22621 (10.0.22621.4391)
OS uptime: 1 days 15:34 hours
Hyper-V role detected

CPU: total 12 (initial active 12) (12 cores per cpu, 2 threads per core) family 23 model 104 stepping 1 microcode 0x0, cx8, cmov, fxsr, ht, mmx, 3dnowpref, sse, sse2, sse3, ssse3, sse4a, sse4.1, sse4.2, popcnt, lzcnt, tsc, tscinvbit, avx, avx2, aes, clmul, bmi1, bmi2, adx, sha, fma, vzeroupper, clflush, clflushopt, hv, rdtscp, rdpid, f16c
Processor Information for all 12 processors :
  Max Mhz: 2100, Current Mhz: 2100, Mhz Limit: 2100

Memory: 4k page, system-wide physical 5989M (100M free)
TotalPageFile size 24421M (AvailPageFile size 0M)
current process WorkingSet (physical memory assigned to process): 367M, peak: 373M
current process commit charge ("private bytes"): 462M, peak: 469M

vm_info: OpenJDK 64-Bit Server VM (21.0.3+-12282718-b509.11) for windows-amd64 JRE (21.0.3+-12282718-b509.11), built on 2024-08-27T17:34:15Z by "builder" with MS VC++ 16.10 / 16.11 (VS2019)

END.
