#
# There is insufficient memory for the Java Runtime Environment to continue.
# Native memory allocation (malloc) failed to allocate 631680 bytes. Error detail: Chunk::new
# Possible reasons:
#   The system is out of physical RAM or swap space
#   This process is running with CompressedOops enabled, and the Java Heap may be blocking the growth of the native heap
# Possible solutions:
#   Reduce memory load on the system
#   Increase physical memory or swap space
#   Check if swap backing store is full
#   Decrease Java heap size (-Xmx/-Xms)
#   Decrease number of Java threads
#   Decrease Java thread stack sizes (-Xss)
#   Set larger code cache with -XX:ReservedCodeCacheSize=
#   JVM is running with Unscaled Compressed Oops mode in which the Java heap is
#     placed in the first 4GB address space. The Java Heap base address is the
#     maximum limit for the native heap growth. Please use -XX:HeapBaseMinAddress
#     to set the Java Heap base and to place the Java Heap above 4GB virtual address.
# This output file may be truncated or incomplete.
#
#  Out of Memory Error (arena.cpp:168), pid=13112, tid=11252
#
# JRE version: OpenJDK Runtime Environment (21.0.3) (build 21.0.3+-12282718-b509.11)
# Java VM: OpenJDK 64-Bit Server VM (21.0.3+-12282718-b509.11, mixed mode, tiered, compressed oops, compressed class ptrs, g1 gc, windows-amd64)
# No core dump will be written. Minidumps are not enabled by default on client versions of Windows
#

---------------  S U M M A R Y ------------

Command Line: --add-opens=java.base/java.util=ALL-UNNAMED --add-opens=java.base/java.lang=ALL-UNNAMED --add-opens=java.base/java.lang.invoke=ALL-UNNAMED --add-opens=java.prefs/java.util.prefs=ALL-UNNAMED --add-exports=jdk.compiler/com.sun.tools.javac.api=ALL-UNNAMED --add-exports=jdk.compiler/com.sun.tools.javac.util=ALL-UNNAMED --add-opens=java.base/java.nio.charset=ALL-UNNAMED --add-opens=java.base/java.net=ALL-UNNAMED --add-opens=java.base/java.util.concurrent.atomic=ALL-UNNAMED -Xmx2048m -Dfile.encoding=UTF-8 -Duser.country=IN -Duser.language=en -Duser.variant -javaagent:C:\Users\kasth\.gradle\wrapper\dists\gradle-8.9-bin\90cnw93cvbtalezasaz0blq0a\gradle-8.9\lib\agents\gradle-instrumentation-agent-8.9.jar org.gradle.launcher.daemon.bootstrap.GradleDaemon 8.9

Host: AMD Ryzen 5 5500U with Radeon Graphics         , 12 cores, 5G,  Windows 11 , 64 bit Build 22621 (10.0.22621.4391)
Time: Sun Dec 29 06:40:05 2024 India Standard Time elapsed time: 36.828406 seconds (0d 0h 0m 36s)

---------------  T H R E A D  ---------------

Current thread (0x0000023eba361af0):  JavaThread "C2 CompilerThread0" daemon [_thread_in_native, id=11252, stack(0x000000c975300000,0x000000c975400000) (1024K)]


Current CompileTask:
C2:  36828 9813       4       java.lang.PublicMethods::merge (81 bytes)

Stack: [0x000000c975300000,0x000000c975400000]
Native frames: (J=compiled Java code, j=interpreted, Vv=VM code, C=native code)
V  [jvm.dll+0x6cafb9]
V  [jvm.dll+0x858523]
V  [jvm.dll+0x85aa7e]
V  [jvm.dll+0x85b163]
V  [jvm.dll+0x27d356]
V  [jvm.dll+0xbf93d]
V  [jvm.dll+0xbfe73]
V  [jvm.dll+0x3b1ceb]
V  [jvm.dll+0x37e787]
V  [jvm.dll+0x37dbfa]
V  [jvm.dll+0x246b02]
V  [jvm.dll+0x2460d1]
V  [jvm.dll+0x1c5804]
V  [jvm.dll+0x25575c]
V  [jvm.dll+0x253c36]
V  [jvm.dll+0x3ec996]
V  [jvm.dll+0x800d78]
V  [jvm.dll+0x6c98cd]
C  [ucrtbase.dll+0x29333]
C  [KERNEL32.DLL+0x1259d]
C  [ntdll.dll+0x5af38]


---------------  P R O C E S S  ---------------

Threads class SMR info:
_java_thread_list=0x0000023ec3887640, length=99, elements={
0x0000023ea039fbe0, 0x0000023eba37f320, 0x0000023eba37fd80, 0x0000023eba35ee40,
0x0000023eba35f8a0, 0x0000023eba360300, 0x0000023eba360d60, 0x0000023eba361af0,
0x0000023eba362ac0, 0x0000023eba4e8f40, 0x0000023eba700b00, 0x0000023ec0924170,
0x0000023ec0792210, 0x0000023ec08ec680, 0x0000023eba4a2770, 0x0000023eba4a31f0,
0x0000023ebfee21a0, 0x0000023ec0a76850, 0x0000023ec0968000, 0x0000023ec096a760,
0x0000023ec096a0d0, 0x0000023ec096adf0, 0x0000023ec09693b0, 0x0000023ec0968d20,
0x0000023ec0969a40, 0x0000023ec096b480, 0x0000023ec1f8c360, 0x0000023ec1f91220,
0x0000023ec1f918b0, 0x0000023ec1f8c9f0, 0x0000023ec1f8bcd0, 0x0000023ec1f8a920,
0x0000023ec1f91f40, 0x0000023ec1f8d710, 0x0000023ec1f8f150, 0x0000023ec1f8afb0,
0x0000023ec1f8d080, 0x0000023ec1f8dda0, 0x0000023ec1f8f7e0, 0x0000023ec1f8b640,
0x0000023ec1f8e430, 0x0000023ec1f8eac0, 0x0000023ec1f8fe70, 0x0000023ec1f90b90,
0x0000023ec2e6ff00, 0x0000023ec2e712b0, 0x0000023ec2e75ae0, 0x0000023ec2e71fd0,
0x0000023ec2e71940, 0x0000023ec2e72660, 0x0000023ec2e76170, 0x0000023ec2e72cf0,
0x0000023ec2e74730, 0x0000023ec2e73380, 0x0000023ec2e6f1e0, 0x0000023ec2e70590,
0x0000023ec2e70c20, 0x0000023ec2e740a0, 0x0000023ec2e74dc0, 0x0000023ec2e75450,
0x0000023ec0deb970, 0x0000023ec0deda40, 0x0000023ec0deb2e0, 0x0000023ec0dea5c0,
0x0000023ec0de77d0, 0x0000023ec0dee0d0, 0x0000023ec0deac50, 0x0000023ec0dee760,
0x0000023ec0de7e60, 0x0000023ec0de84f0, 0x0000023ec0de9210, 0x0000023ec1c0da00,
0x0000023ec1c10160, 0x0000023ec1c0edb0, 0x0000023ec1c0cce0, 0x0000023ec1c0f440,
0x0000023ec1c0fad0, 0x0000023ec1c0d370, 0x0000023ec1c0e090, 0x0000023ec1c0e720,
0x0000023ec402d1b0, 0x0000023ec402d840, 0x0000023ec402ded0, 0x0000023ec402f910,
0x0000023ec402f280, 0x0000023ec402be00, 0x0000023ec40296a0, 0x0000023ec402ffa0,
0x0000023ec402b770, 0x0000023ec402e560, 0x0000023ec4029d30, 0x0000023ec402aa50,
0x0000023ec402a3c0, 0x0000023ec402ebf0, 0x0000023ec4030630, 0x0000023ec4030cc0,
0x0000023ec402b0e0, 0x0000023ec402c490, 0x0000023ec402cb20
}

Java Threads: ( => current thread )
  0x0000023ea039fbe0 JavaThread "main"                              [_thread_blocked, id=21500, stack(0x000000c974500000,0x000000c974600000) (1024K)]
  0x0000023eba37f320 JavaThread "Reference Handler"          daemon [_thread_blocked, id=22808, stack(0x000000c974d00000,0x000000c974e00000) (1024K)]
  0x0000023eba37fd80 JavaThread "Finalizer"                  daemon [_thread_blocked, id=11412, stack(0x000000c974e00000,0x000000c974f00000) (1024K)]
  0x0000023eba35ee40 JavaThread "Signal Dispatcher"          daemon [_thread_blocked, id=18204, stack(0x000000c974f00000,0x000000c975000000) (1024K)]
  0x0000023eba35f8a0 JavaThread "Attach Listener"            daemon [_thread_blocked, id=12812, stack(0x000000c975000000,0x000000c975100000) (1024K)]
  0x0000023eba360300 JavaThread "Service Thread"             daemon [_thread_blocked, id=20760, stack(0x000000c975100000,0x000000c975200000) (1024K)]
  0x0000023eba360d60 JavaThread "Monitor Deflation Thread"   daemon [_thread_blocked, id=22304, stack(0x000000c975200000,0x000000c975300000) (1024K)]
=>0x0000023eba361af0 JavaThread "C2 CompilerThread0"         daemon [_thread_in_native, id=11252, stack(0x000000c975300000,0x000000c975400000) (1024K)]
  0x0000023eba362ac0 JavaThread "C1 CompilerThread0"         daemon [_thread_blocked, id=15068, stack(0x000000c975400000,0x000000c975500000) (1024K)]
  0x0000023eba4e8f40 JavaThread "Common-Cleaner"             daemon [_thread_blocked, id=9104, stack(0x000000c975500000,0x000000c975600000) (1024K)]
  0x0000023eba700b00 JavaThread "Notification Thread"        daemon [_thread_blocked, id=3480, stack(0x000000c975600000,0x000000c975700000) (1024K)]
  0x0000023ec0924170 JavaThread "Daemon health stats"               [_thread_blocked, id=20864, stack(0x000000c975b00000,0x000000c975c00000) (1024K)]
  0x0000023ec0792210 JavaThread "Incoming local TCP Connector on port 54547"        [_thread_in_native, id=20920, stack(0x000000c975c00000,0x000000c975d00000) (1024K)]
  0x0000023ec08ec680 JavaThread "Daemon periodic checks"            [_thread_blocked, id=14824, stack(0x000000c976200000,0x000000c976300000) (1024K)]
  0x0000023eba4a2770 JavaThread "Daemon"                            [_thread_blocked, id=21788, stack(0x000000c976300000,0x000000c976400000) (1024K)]
  0x0000023eba4a31f0 JavaThread "Handler for socket connection from /127.0.0.1:54547 to /127.0.0.1:54549"        [_thread_in_native, id=6868, stack(0x000000c976400000,0x000000c976500000) (1024K)]
  0x0000023ebfee21a0 JavaThread "Cancel handler"                    [_thread_blocked, id=17668, stack(0x000000c976500000,0x000000c976600000) (1024K)]
  0x0000023ec0a76850 JavaThread "Daemon worker"                     [_thread_in_Java, id=10836, stack(0x000000c976600000,0x000000c976700000) (1024K)]
  0x0000023ec0968000 JavaThread "Asynchronous log dispatcher for DefaultDaemonConnection: socket connection from /127.0.0.1:54547 to /127.0.0.1:54549"        [_thread_blocked, id=20248, stack(0x000000c976700000,0x000000c976800000) (1024K)]
  0x0000023ec096a760 JavaThread "Stdin handler"                     [_thread_blocked, id=2860, stack(0x000000c976800000,0x000000c976900000) (1024K)]
  0x0000023ec096a0d0 JavaThread "Daemon client event forwarder"        [_thread_blocked, id=11952, stack(0x000000c976900000,0x000000c976a00000) (1024K)]
  0x0000023ec096adf0 JavaThread "Cache worker for journal cache (C:\Users\kasth\.gradle\caches\journal-1)"        [_thread_blocked, id=14288, stack(0x000000c976c00000,0x000000c976d00000) (1024K)]
  0x0000023ec09693b0 JavaThread "File lock request listener"        [_thread_in_native, id=4680, stack(0x000000c976d00000,0x000000c976e00000) (1024K)]
  0x0000023ec0968d20 JavaThread "Cache worker for file hash cache (C:\Users\kasth\.gradle\caches\8.9\fileHashes)"        [_thread_blocked, id=23352, stack(0x000000c976e00000,0x000000c976f00000) (1024K)]
  0x0000023ec0969a40 JavaThread "File lock release action executor"        [_thread_blocked, id=18788, stack(0x000000c976f00000,0x000000c977000000) (1024K)]
  0x0000023ec096b480 JavaThread "Cache worker for file hash cache (C:\Users\kasth\AndroidStudioProjects\NavigatioinDrawerr\.gradle\8.9\fileHashes)"        [_thread_blocked, id=18920, stack(0x000000c977000000,0x000000c977100000) (1024K)]
  0x0000023ec1f8c360 JavaThread "Cache worker for Build Output Cleanup Cache (C:\Users\kasth\AndroidStudioProjects\NavigatioinDrawerr\.gradle\buildOutputCleanup)"        [_thread_blocked, id=16368, stack(0x000000c977100000,0x000000c977200000) (1024K)]
  0x0000023ec1f91220 JavaThread "File watcher server"        daemon [_thread_in_native, id=8552, stack(0x000000c977200000,0x000000c977300000) (1024K)]
  0x0000023ec1f918b0 JavaThread "File watcher consumer"      daemon [_thread_blocked, id=13868, stack(0x000000c977300000,0x000000c977400000) (1024K)]
  0x0000023ec1f8c9f0 JavaThread "jar transforms"                    [_thread_blocked, id=6284, stack(0x000000c977400000,0x000000c977500000) (1024K)]
  0x0000023ec1f8bcd0 JavaThread "jar transforms Thread 2"           [_thread_blocked, id=14304, stack(0x000000c977500000,0x000000c977600000) (1024K)]
  0x0000023ec1f8a920 JavaThread "jar transforms Thread 3"           [_thread_blocked, id=20372, stack(0x000000c977600000,0x000000c977700000) (1024K)]
  0x0000023ec1f91f40 JavaThread "jar transforms Thread 4"           [_thread_blocked, id=13524, stack(0x000000c977700000,0x000000c977800000) (1024K)]
  0x0000023ec1f8d710 JavaThread "jar transforms Thread 5"           [_thread_blocked, id=13544, stack(0x000000c977800000,0x000000c977900000) (1024K)]
  0x0000023ec1f8f150 JavaThread "jar transforms Thread 6"           [_thread_blocked, id=12412, stack(0x000000c977900000,0x000000c977a00000) (1024K)]
  0x0000023ec1f8afb0 JavaThread "jar transforms Thread 7"           [_thread_blocked, id=13748, stack(0x000000c977a00000,0x000000c977b00000) (1024K)]
  0x0000023ec1f8d080 JavaThread "jar transforms Thread 8"           [_thread_blocked, id=4336, stack(0x000000c977b00000,0x000000c977c00000) (1024K)]
  0x0000023ec1f8dda0 JavaThread "jar transforms Thread 9"           [_thread_blocked, id=1392, stack(0x000000c977c00000,0x000000c977d00000) (1024K)]
  0x0000023ec1f8f7e0 JavaThread "jar transforms Thread 10"          [_thread_blocked, id=18884, stack(0x000000c977d00000,0x000000c977e00000) (1024K)]
  0x0000023ec1f8b640 JavaThread "jar transforms Thread 11"          [_thread_blocked, id=20428, stack(0x000000c977e00000,0x000000c977f00000) (1024K)]
  0x0000023ec1f8e430 JavaThread "jar transforms Thread 12"          [_thread_blocked, id=19236, stack(0x000000c977f00000,0x000000c978000000) (1024K)]
  0x0000023ec1f8eac0 JavaThread "Cache worker for checksums cache (C:\Users\kasth\AndroidStudioProjects\NavigatioinDrawerr\.gradle\8.9\checksums)"        [_thread_blocked, id=12200, stack(0x000000c978100000,0x000000c978200000) (1024K)]
  0x0000023ec1f8fe70 JavaThread "Cache worker for file content cache (C:\Users\kasth\.gradle\caches\8.9\fileContent)"        [_thread_blocked, id=20448, stack(0x000000c978200000,0x000000c978300000) (1024K)]
  0x0000023ec1f90b90 JavaThread "Cache worker for cache directory md-rule (C:\Users\kasth\.gradle\caches\8.9\md-rule)"        [_thread_blocked, id=13656, stack(0x000000c978400000,0x000000c978500000) (1024K)]
  0x0000023ec2e6ff00 JavaThread "Cache worker for cache directory md-supplier (C:\Users\kasth\.gradle\caches\8.9\md-supplier)"        [_thread_blocked, id=9336, stack(0x000000c978500000,0x000000c978600000) (1024K)]
  0x0000023ec2e712b0 JavaThread "Unconstrained build operations"        [_thread_blocked, id=20676, stack(0x000000c978300000,0x000000c978400000) (1024K)]
  0x0000023ec2e75ae0 JavaThread "Unconstrained build operations Thread 2"        [_thread_blocked, id=9040, stack(0x000000c978600000,0x000000c978700000) (1024K)]
  0x0000023ec2e71fd0 JavaThread "Unconstrained build operations Thread 3"        [_thread_blocked, id=5536, stack(0x000000c978700000,0x000000c978800000) (1024K)]
  0x0000023ec2e71940 JavaThread "Unconstrained build operations Thread 4"        [_thread_blocked, id=22444, stack(0x000000c978800000,0x000000c978900000) (1024K)]
  0x0000023ec2e72660 JavaThread "Unconstrained build operations Thread 5"        [_thread_blocked, id=5956, stack(0x000000c978900000,0x000000c978a00000) (1024K)]
  0x0000023ec2e76170 JavaThread "Unconstrained build operations Thread 6"        [_thread_blocked, id=16872, stack(0x000000c978a00000,0x000000c978b00000) (1024K)]
  0x0000023ec2e72cf0 JavaThread "Unconstrained build operations Thread 7"        [_thread_blocked, id=13040, stack(0x000000c978b00000,0x000000c978c00000) (1024K)]
  0x0000023ec2e74730 JavaThread "Unconstrained build operations Thread 8"        [_thread_blocked, id=22248, stack(0x000000c978c00000,0x000000c978d00000) (1024K)]
  0x0000023ec2e73380 JavaThread "Unconstrained build operations Thread 9"        [_thread_blocked, id=21832, stack(0x000000c978d00000,0x000000c978e00000) (1024K)]
  0x0000023ec2e6f1e0 JavaThread "Unconstrained build operations Thread 10"        [_thread_blocked, id=9680, stack(0x000000c978e00000,0x000000c978f00000) (1024K)]
  0x0000023ec2e70590 JavaThread "Unconstrained build operations Thread 11"        [_thread_blocked, id=22876, stack(0x000000c978f00000,0x000000c979000000) (1024K)]
  0x0000023ec2e70c20 JavaThread "Unconstrained build operations Thread 12"        [_thread_blocked, id=11908, stack(0x000000c979000000,0x000000c979100000) (1024K)]
  0x0000023ec2e740a0 JavaThread "Unconstrained build operations Thread 13"        [_thread_blocked, id=21316, stack(0x000000c979100000,0x000000c979200000) (1024K)]
  0x0000023ec2e74dc0 JavaThread "Unconstrained build operations Thread 14"        [_thread_blocked, id=15552, stack(0x000000c979200000,0x000000c979300000) (1024K)]
  0x0000023ec2e75450 JavaThread "Unconstrained build operations Thread 15"        [_thread_blocked, id=2352, stack(0x000000c979300000,0x000000c979400000) (1024K)]
  0x0000023ec0deb970 JavaThread "Unconstrained build operations Thread 16"        [_thread_blocked, id=12256, stack(0x000000c979400000,0x000000c979500000) (1024K)]
  0x0000023ec0deda40 JavaThread "Unconstrained build operations Thread 17"        [_thread_blocked, id=21884, stack(0x000000c979500000,0x000000c979600000) (1024K)]
  0x0000023ec0deb2e0 JavaThread "Unconstrained build operations Thread 18"        [_thread_blocked, id=19328, stack(0x000000c979600000,0x000000c979700000) (1024K)]
  0x0000023ec0dea5c0 JavaThread "Unconstrained build operations Thread 19"        [_thread_blocked, id=21412, stack(0x000000c979700000,0x000000c979800000) (1024K)]
  0x0000023ec0de77d0 JavaThread "Unconstrained build operations Thread 20"        [_thread_blocked, id=5612, stack(0x000000c979800000,0x000000c979900000) (1024K)]
  0x0000023ec0dee0d0 JavaThread "Unconstrained build operations Thread 21"        [_thread_blocked, id=21968, stack(0x000000c979900000,0x000000c979a00000) (1024K)]
  0x0000023ec0deac50 JavaThread "Unconstrained build operations Thread 22"        [_thread_blocked, id=18600, stack(0x000000c978000000,0x000000c978100000) (1024K)]
  0x0000023ec0dee760 JavaThread "Unconstrained build operations Thread 23"        [_thread_blocked, id=22020, stack(0x000000c979a00000,0x000000c979b00000) (1024K)]
  0x0000023ec0de7e60 JavaThread "Unconstrained build operations Thread 24"        [_thread_blocked, id=10672, stack(0x000000c979b00000,0x000000c979c00000) (1024K)]
  0x0000023ec0de84f0 JavaThread "Unconstrained build operations Thread 25"        [_thread_blocked, id=20444, stack(0x000000c979c00000,0x000000c979d00000) (1024K)]
  0x0000023ec0de9210 JavaThread "Unconstrained build operations Thread 26"        [_thread_blocked, id=23212, stack(0x000000c979d00000,0x000000c979e00000) (1024K)]
  0x0000023ec1c0da00 JavaThread "Unconstrained build operations Thread 27"        [_thread_blocked, id=22788, stack(0x000000c979e00000,0x000000c979f00000) (1024K)]
  0x0000023ec1c10160 JavaThread "Unconstrained build operations Thread 28"        [_thread_blocked, id=19720, stack(0x000000c979f00000,0x000000c97a000000) (1024K)]
  0x0000023ec1c0edb0 JavaThread "Unconstrained build operations Thread 29"        [_thread_blocked, id=15820, stack(0x000000c97a000000,0x000000c97a100000) (1024K)]
  0x0000023ec1c0cce0 JavaThread "Unconstrained build operations Thread 30"        [_thread_blocked, id=18328, stack(0x000000c97a100000,0x000000c97a200000) (1024K)]
  0x0000023ec1c0f440 JavaThread "Unconstrained build operations Thread 31"        [_thread_blocked, id=22460, stack(0x000000c97a200000,0x000000c97a300000) (1024K)]
  0x0000023ec1c0fad0 JavaThread "Unconstrained build operations Thread 32"        [_thread_blocked, id=11280, stack(0x000000c97a300000,0x000000c97a400000) (1024K)]
  0x0000023ec1c0d370 JavaThread "Unconstrained build operations Thread 33"        [_thread_blocked, id=18604, stack(0x000000c97a400000,0x000000c97a500000) (1024K)]
  0x0000023ec1c0e090 JavaThread "Unconstrained build operations Thread 34"        [_thread_blocked, id=22132, stack(0x000000c97a500000,0x000000c97a600000) (1024K)]
  0x0000023ec1c0e720 JavaThread "Unconstrained build operations Thread 35"        [_thread_blocked, id=1328, stack(0x000000c97a600000,0x000000c97a700000) (1024K)]
  0x0000023ec402d1b0 JavaThread "Unconstrained build operations Thread 36"        [_thread_blocked, id=11300, stack(0x000000c97a700000,0x000000c97a800000) (1024K)]
  0x0000023ec402d840 JavaThread "Unconstrained build operations Thread 37"        [_thread_blocked, id=13884, stack(0x000000c97a800000,0x000000c97a900000) (1024K)]
  0x0000023ec402ded0 JavaThread "Unconstrained build operations Thread 38"        [_thread_blocked, id=21640, stack(0x000000c97a900000,0x000000c97aa00000) (1024K)]
  0x0000023ec402f910 JavaThread "Unconstrained build operations Thread 39"        [_thread_blocked, id=18992, stack(0x000000c97aa00000,0x000000c97ab00000) (1024K)]
  0x0000023ec402f280 JavaThread "Unconstrained build operations Thread 40"        [_thread_blocked, id=9456, stack(0x000000c97ab00000,0x000000c97ac00000) (1024K)]
  0x0000023ec402be00 JavaThread "Unconstrained build operations Thread 41"        [_thread_blocked, id=19144, stack(0x000000c97ac00000,0x000000c97ad00000) (1024K)]
  0x0000023ec40296a0 JavaThread "Unconstrained build operations Thread 42"        [_thread_blocked, id=19444, stack(0x000000c97ad00000,0x000000c97ae00000) (1024K)]
  0x0000023ec402ffa0 JavaThread "Unconstrained build operations Thread 43"        [_thread_blocked, id=14704, stack(0x000000c97ae00000,0x000000c97af00000) (1024K)]
  0x0000023ec402b770 JavaThread "Unconstrained build operations Thread 44"        [_thread_blocked, id=9676, stack(0x000000c97af00000,0x000000c97b000000) (1024K)]
  0x0000023ec402e560 JavaThread "Unconstrained build operations Thread 45"        [_thread_blocked, id=12312, stack(0x000000c97b000000,0x000000c97b100000) (1024K)]
  0x0000023ec4029d30 JavaThread "Unconstrained build operations Thread 46"        [_thread_blocked, id=15336, stack(0x000000c97b100000,0x000000c97b200000) (1024K)]
  0x0000023ec402aa50 JavaThread "Unconstrained build operations Thread 47"        [_thread_blocked, id=3020, stack(0x000000c97b200000,0x000000c97b300000) (1024K)]
  0x0000023ec402a3c0 JavaThread "Unconstrained build operations Thread 48"        [_thread_blocked, id=12684, stack(0x000000c97b300000,0x000000c97b400000) (1024K)]
  0x0000023ec402ebf0 JavaThread "Unconstrained build operations Thread 49"        [_thread_blocked, id=2592, stack(0x000000c97b400000,0x000000c97b500000) (1024K)]
  0x0000023ec4030630 JavaThread "Unconstrained build operations Thread 50"        [_thread_blocked, id=13000, stack(0x000000c97b500000,0x000000c97b600000) (1024K)]
  0x0000023ec4030cc0 JavaThread "Unconstrained build operations Thread 51"        [_thread_blocked, id=21332, stack(0x000000c97b600000,0x000000c97b700000) (1024K)]
  0x0000023ec402b0e0 JavaThread "Unconstrained build operations Thread 52"        [_thread_blocked, id=8312, stack(0x000000c97b700000,0x000000c97b800000) (1024K)]
  0x0000023ec402c490 JavaThread "Unconstrained build operations Thread 53"        [_thread_blocked, id=23472, stack(0x000000c97b800000,0x000000c97b900000) (1024K)]
  0x0000023ec402cb20 JavaThread "Unconstrained build operations Thread 54"        [_thread_blocked, id=17212, stack(0x000000c97b900000,0x000000c97ba00000) (1024K)]
Total: 99

Other Threads:
  0x0000023eba1f1fa0 VMThread "VM Thread"                           [id=18160, stack(0x000000c974c00000,0x000000c974d00000) (1024K)]
  0x0000023eba15a7a0 WatcherThread "VM Periodic Task Thread"        [id=20280, stack(0x000000c974b00000,0x000000c974c00000) (1024K)]
  0x0000023ea270e4b0 WorkerThread "GC Thread#0"                     [id=1256, stack(0x000000c974600000,0x000000c974700000) (1024K)]
  0x0000023ebf291d70 WorkerThread "GC Thread#1"                     [id=23364, stack(0x000000c975700000,0x000000c975800000) (1024K)]
  0x0000023ebf26be90 WorkerThread "GC Thread#2"                     [id=21424, stack(0x000000c975800000,0x000000c975900000) (1024K)]
  0x0000023ebf2775c0 WorkerThread "GC Thread#3"                     [id=10308, stack(0x000000c975900000,0x000000c975a00000) (1024K)]
  0x0000023ebf9ca1c0 WorkerThread "GC Thread#4"                     [id=22092, stack(0x000000c975a00000,0x000000c975b00000) (1024K)]
  0x0000023ebf9cb780 WorkerThread "GC Thread#5"                     [id=11572, stack(0x000000c975d00000,0x000000c975e00000) (1024K)]
  0x0000023ebf9ca900 WorkerThread "GC Thread#6"                     [id=22320, stack(0x000000c975e00000,0x000000c975f00000) (1024K)]
  0x0000023ebf9cb040 WorkerThread "GC Thread#7"                     [id=17064, stack(0x000000c975f00000,0x000000c976000000) (1024K)]
  0x0000023ebf9cb3e0 WorkerThread "GC Thread#8"                     [id=16024, stack(0x000000c976000000,0x000000c976100000) (1024K)]
  0x0000023ec086d450 WorkerThread "GC Thread#9"                     [id=11012, stack(0x000000c976100000,0x000000c976200000) (1024K)]
  0x0000023ea271f4a0 ConcurrentGCThread "G1 Main Marker"            [id=5996, stack(0x000000c974700000,0x000000c974800000) (1024K)]
  0x0000023ea271fe40 WorkerThread "G1 Conc#0"                       [id=6836, stack(0x000000c974800000,0x000000c974900000) (1024K)]
  0x0000023ec086cd10 WorkerThread "G1 Conc#1"                       [id=18668, stack(0x000000c976a00000,0x000000c976b00000) (1024K)]
  0x0000023ec086d0b0 WorkerThread "G1 Conc#2"                       [id=16312, stack(0x000000c976b00000,0x000000c976c00000) (1024K)]
  0x0000023ea277ea20 ConcurrentGCThread "G1 Refine#0"               [id=11196, stack(0x000000c974900000,0x000000c974a00000) (1024K)]
  0x0000023eba02b600 ConcurrentGCThread "G1 Service"                [id=17468, stack(0x000000c974a00000,0x000000c974b00000) (1024K)]
Total: 18

Threads with active compile tasks:
C2 CompilerThread0    36858 9813       4       java.lang.PublicMethods::merge (81 bytes)
Total: 1

VM state: not at safepoint (normal execution)

VM Mutex/Monitor currently owned by a thread: None

Heap address: 0x0000000080000000, size: 2048 MB, Compressed Oops mode: 32-bit

CDS archive(s) not mapped
Compressed class space mapped at: 0x0000000100000000-0x0000000140000000, reserved size: 1073741824
Narrow klass base: 0x0000000000000000, Narrow klass shift: 3, Narrow klass range: 0x140000000

GC Precious Log:
 CardTable entry size: 512
 Card Set container configuration: InlinePtr #cards 5 size 8 Array Of Cards #cards 12 size 40 Howl #buckets 4 coarsen threshold 1843 Howl Bitmap #cards 512 size 80 coarsen threshold 460 Card regions per heap region 1 cards per card region 2048
 CPUs: 12 total, 12 available
 Memory: 5989M
 Large Page Support: Disabled
 NUMA Support: Disabled
 Compressed Oops: Enabled (32-bit)
 Heap Region Size: 1M
 Heap Min Capacity: 8M
 Heap Initial Capacity: 94M
 Heap Max Capacity: 2G
 Pre-touch: Disabled
 Parallel Workers: 10
 Concurrent Workers: 3
 Concurrent Refinement Workers: 10
 Periodic GC: Disabled

Heap:
 garbage-first heap   total 242688K, used 158983K [0x0000000080000000, 0x0000000100000000)
  region size 1024K, 23 young (23552K), 3 survivors (3072K)
 Metaspace       used 93816K, committed 95680K, reserved 1179648K
  class space    used 12976K, committed 13888K, reserved 1048576K

Heap Regions: E=young(eden), S=young(survivor), O=old, HS=humongous(starts), HC=humongous(continues), CS=collection set, F=free, TAMS=top-at-mark-start, PB=parsable bottom
|   0|0x0000000080000000, 0x0000000080100000, 0x0000000080100000|100%|HS|  |TAMS 0x0000000080000000| PB 0x0000000080000000| Complete 
|   1|0x0000000080100000, 0x0000000080200000, 0x0000000080200000|100%|HC|  |TAMS 0x0000000080100000| PB 0x0000000080100000| Complete 
|   2|0x0000000080200000, 0x0000000080300000, 0x0000000080300000|100%|HC|  |TAMS 0x0000000080200000| PB 0x0000000080200000| Complete 
|   3|0x0000000080300000, 0x0000000080400000, 0x0000000080400000|100%|HC|  |TAMS 0x0000000080300000| PB 0x0000000080300000| Complete 
|   4|0x0000000080400000, 0x0000000080500000, 0x0000000080500000|100%| O|  |TAMS 0x0000000080400000| PB 0x0000000080400000| Untracked 
|   5|0x0000000080500000, 0x0000000080600000, 0x0000000080600000|100%| O|  |TAMS 0x0000000080500000| PB 0x0000000080500000| Untracked 
|   6|0x0000000080600000, 0x0000000080700000, 0x0000000080700000|100%| O|  |TAMS 0x0000000080600000| PB 0x0000000080600000| Untracked 
|   7|0x0000000080700000, 0x0000000080800000, 0x0000000080800000|100%| O|  |TAMS 0x0000000080700000| PB 0x0000000080700000| Untracked 
|   8|0x0000000080800000, 0x0000000080900000, 0x0000000080900000|100%| O|  |TAMS 0x0000000080800000| PB 0x0000000080800000| Untracked 
|   9|0x0000000080900000, 0x0000000080a00000, 0x0000000080a00000|100%| O|  |TAMS 0x0000000080900000| PB 0x0000000080900000| Untracked 
|  10|0x0000000080a00000, 0x0000000080b00000, 0x0000000080b00000|100%|HS|  |TAMS 0x0000000080a00000| PB 0x0000000080a00000| Complete 
|  11|0x0000000080b00000, 0x0000000080c00000, 0x0000000080c00000|100%| O|  |TAMS 0x0000000080b00000| PB 0x0000000080b00000| Untracked 
|  12|0x0000000080c00000, 0x0000000080d00000, 0x0000000080d00000|100%| O|  |TAMS 0x0000000080c00000| PB 0x0000000080c00000| Untracked 
|  13|0x0000000080d00000, 0x0000000080e00000, 0x0000000080e00000|100%| O|  |TAMS 0x0000000080d00000| PB 0x0000000080d00000| Untracked 
|  14|0x0000000080e00000, 0x0000000080f00000, 0x0000000080f00000|100%| O|  |TAMS 0x0000000080e00000| PB 0x0000000080e00000| Untracked 
|  15|0x0000000080f00000, 0x0000000081000000, 0x0000000081000000|100%| O|  |TAMS 0x0000000080f00000| PB 0x0000000080f00000| Untracked 
|  16|0x0000000081000000, 0x0000000081100000, 0x0000000081100000|100%| O|  |TAMS 0x0000000081000000| PB 0x0000000081000000| Untracked 
|  17|0x0000000081100000, 0x0000000081200000, 0x0000000081200000|100%| O|  |TAMS 0x0000000081100000| PB 0x0000000081100000| Untracked 
|  18|0x0000000081200000, 0x0000000081300000, 0x0000000081300000|100%| O|  |TAMS 0x0000000081200000| PB 0x0000000081200000| Untracked 
|  19|0x0000000081300000, 0x0000000081400000, 0x0000000081400000|100%|HS|  |TAMS 0x0000000081300000| PB 0x0000000081300000| Complete 
|  20|0x0000000081400000, 0x0000000081500000, 0x0000000081500000|100%| O|  |TAMS 0x0000000081400000| PB 0x0000000081400000| Untracked 
|  21|0x0000000081500000, 0x0000000081600000, 0x0000000081600000|100%|HS|  |TAMS 0x0000000081500000| PB 0x0000000081500000| Complete 
|  22|0x0000000081600000, 0x0000000081700000, 0x0000000081700000|100%|HC|  |TAMS 0x0000000081600000| PB 0x0000000081600000| Complete 
|  23|0x0000000081700000, 0x0000000081800000, 0x0000000081800000|100%|HC|  |TAMS 0x0000000081700000| PB 0x0000000081700000| Complete 
|  24|0x0000000081800000, 0x0000000081900000, 0x0000000081900000|100%|HC|  |TAMS 0x0000000081800000| PB 0x0000000081800000| Complete 
|  25|0x0000000081900000, 0x0000000081a00000, 0x0000000081a00000|100%|HC|  |TAMS 0x0000000081900000| PB 0x0000000081900000| Complete 
|  26|0x0000000081a00000, 0x0000000081b00000, 0x0000000081b00000|100%|HC|  |TAMS 0x0000000081a00000| PB 0x0000000081a00000| Complete 
|  27|0x0000000081b00000, 0x0000000081c00000, 0x0000000081c00000|100%|HS|  |TAMS 0x0000000081b00000| PB 0x0000000081b00000| Complete 
|  28|0x0000000081c00000, 0x0000000081d00000, 0x0000000081d00000|100%|HC|  |TAMS 0x0000000081c00000| PB 0x0000000081c00000| Complete 
|  29|0x0000000081d00000, 0x0000000081e00000, 0x0000000081e00000|100%|HC|  |TAMS 0x0000000081d00000| PB 0x0000000081d00000| Complete 
|  30|0x0000000081e00000, 0x0000000081f00000, 0x0000000081f00000|100%|HS|  |TAMS 0x0000000081e00000| PB 0x0000000081e00000| Complete 
|  31|0x0000000081f00000, 0x0000000082000000, 0x0000000082000000|100%|HC|  |TAMS 0x0000000081f00000| PB 0x0000000081f00000| Complete 
|  32|0x0000000082000000, 0x0000000082100000, 0x0000000082100000|100%| O|  |TAMS 0x0000000082000000| PB 0x0000000082000000| Untracked 
|  33|0x0000000082100000, 0x0000000082200000, 0x0000000082200000|100%| O|  |TAMS 0x0000000082100000| PB 0x0000000082100000| Untracked 
|  34|0x0000000082200000, 0x0000000082300000, 0x0000000082300000|100%| O|  |TAMS 0x0000000082200000| PB 0x0000000082200000| Untracked 
|  35|0x0000000082300000, 0x0000000082400000, 0x0000000082400000|100%| O|  |TAMS 0x0000000082300000| PB 0x0000000082300000| Untracked 
|  36|0x0000000082400000, 0x0000000082500000, 0x0000000082500000|100%| O|  |TAMS 0x0000000082400000| PB 0x0000000082400000| Untracked 
|  37|0x0000000082500000, 0x0000000082600000, 0x0000000082600000|100%| O|  |TAMS 0x0000000082500000| PB 0x0000000082500000| Untracked 
|  38|0x0000000082600000, 0x0000000082700000, 0x0000000082700000|100%| O|  |TAMS 0x0000000082600000| PB 0x0000000082600000| Untracked 
|  39|0x0000000082700000, 0x0000000082800000, 0x0000000082800000|100%| O|  |TAMS 0x0000000082700000| PB 0x0000000082700000| Untracked 
|  40|0x0000000082800000, 0x0000000082900000, 0x0000000082900000|100%| O|  |TAMS 0x0000000082800000| PB 0x0000000082800000| Untracked 
|  41|0x0000000082900000, 0x0000000082a00000, 0x0000000082a00000|100%| O|  |TAMS 0x0000000082900000| PB 0x0000000082900000| Untracked 
|  42|0x0000000082a00000, 0x0000000082b00000, 0x0000000082b00000|100%| O|  |TAMS 0x0000000082a00000| PB 0x0000000082a00000| Untracked 
|  43|0x0000000082b00000, 0x0000000082c00000, 0x0000000082c00000|100%| O|  |TAMS 0x0000000082b00000| PB 0x0000000082b00000| Untracked 
|  44|0x0000000082c00000, 0x0000000082d00000, 0x0000000082d00000|100%| O|  |TAMS 0x0000000082c00000| PB 0x0000000082c00000| Untracked 
|  45|0x0000000082d00000, 0x0000000082e00000, 0x0000000082e00000|100%|HS|  |TAMS 0x0000000082d00000| PB 0x0000000082d00000| Complete 
|  46|0x0000000082e00000, 0x0000000082f00000, 0x0000000082f00000|100%|HC|  |TAMS 0x0000000082e00000| PB 0x0000000082e00000| Complete 
|  47|0x0000000082f00000, 0x0000000083000000, 0x0000000083000000|100%| O|  |TAMS 0x0000000082f00000| PB 0x0000000082f00000| Untracked 
|  48|0x0000000083000000, 0x0000000083100000, 0x0000000083100000|100%| O|  |TAMS 0x0000000083000000| PB 0x0000000083000000| Untracked 
|  49|0x0000000083100000, 0x0000000083200000, 0x0000000083200000|100%| O|  |TAMS 0x0000000083100000| PB 0x0000000083100000| Untracked 
|  50|0x0000000083200000, 0x0000000083300000, 0x0000000083300000|100%| O|  |TAMS 0x0000000083200000| PB 0x0000000083200000| Untracked 
|  51|0x0000000083300000, 0x0000000083400000, 0x0000000083400000|100%| O|  |TAMS 0x0000000083300000| PB 0x0000000083300000| Untracked 
|  52|0x0000000083400000, 0x0000000083500000, 0x0000000083500000|100%| O|  |TAMS 0x0000000083400000| PB 0x0000000083400000| Untracked 
|  53|0x0000000083500000, 0x0000000083600000, 0x0000000083600000|100%| O|  |TAMS 0x0000000083500000| PB 0x0000000083500000| Untracked 
|  54|0x0000000083600000, 0x0000000083700000, 0x0000000083700000|100%| O|  |TAMS 0x0000000083600000| PB 0x0000000083600000| Untracked 
|  55|0x0000000083700000, 0x0000000083800000, 0x0000000083800000|100%| O|  |TAMS 0x0000000083700000| PB 0x0000000083700000| Untracked 
|  56|0x0000000083800000, 0x0000000083900000, 0x0000000083900000|100%| O|  |TAMS 0x0000000083800000| PB 0x0000000083800000| Untracked 
|  57|0x0000000083900000, 0x0000000083a00000, 0x0000000083a00000|100%| O|  |TAMS 0x0000000083900000| PB 0x0000000083900000| Untracked 
|  58|0x0000000083a00000, 0x0000000083b00000, 0x0000000083b00000|100%| O|  |TAMS 0x0000000083a00000| PB 0x0000000083a00000| Untracked 
|  59|0x0000000083b00000, 0x0000000083c00000, 0x0000000083c00000|100%| O|  |TAMS 0x0000000083b00000| PB 0x0000000083b00000| Untracked 
|  60|0x0000000083c00000, 0x0000000083d00000, 0x0000000083d00000|100%|HS|  |TAMS 0x0000000083c00000| PB 0x0000000083c00000| Complete 
|  61|0x0000000083d00000, 0x0000000083e00000, 0x0000000083e00000|100%|HC|  |TAMS 0x0000000083d00000| PB 0x0000000083d00000| Complete 
|  62|0x0000000083e00000, 0x0000000083f00000, 0x0000000083f00000|100%|HC|  |TAMS 0x0000000083e00000| PB 0x0000000083e00000| Complete 
|  63|0x0000000083f00000, 0x0000000084000000, 0x0000000084000000|100%|HC|  |TAMS 0x0000000083f00000| PB 0x0000000083f00000| Complete 
|  64|0x0000000084000000, 0x0000000084100000, 0x0000000084100000|100%|HC|  |TAMS 0x0000000084000000| PB 0x0000000084000000| Complete 
|  65|0x0000000084100000, 0x0000000084200000, 0x0000000084200000|100%|HC|  |TAMS 0x0000000084100000| PB 0x0000000084100000| Complete 
|  66|0x0000000084200000, 0x0000000084300000, 0x0000000084300000|100%| O|  |TAMS 0x0000000084200000| PB 0x0000000084200000| Untracked 
|  67|0x0000000084300000, 0x0000000084400000, 0x0000000084400000|100%| O|  |TAMS 0x0000000084300000| PB 0x0000000084300000| Untracked 
|  68|0x0000000084400000, 0x0000000084500000, 0x0000000084500000|100%| O|  |TAMS 0x0000000084400000| PB 0x0000000084400000| Untracked 
|  69|0x0000000084500000, 0x0000000084600000, 0x0000000084600000|100%| O|  |TAMS 0x0000000084500000| PB 0x0000000084500000| Untracked 
|  70|0x0000000084600000, 0x0000000084700000, 0x0000000084700000|100%| O|  |TAMS 0x0000000084600000| PB 0x0000000084600000| Untracked 
|  71|0x0000000084700000, 0x0000000084800000, 0x0000000084800000|100%|HS|  |TAMS 0x0000000084700000| PB 0x0000000084700000| Complete 
|  72|0x0000000084800000, 0x0000000084900000, 0x0000000084900000|100%| O|  |TAMS 0x0000000084800000| PB 0x0000000084800000| Untracked 
|  73|0x0000000084900000, 0x0000000084a00000, 0x0000000084a00000|100%| O|  |TAMS 0x0000000084900000| PB 0x0000000084900000| Untracked 
|  74|0x0000000084a00000, 0x0000000084b00000, 0x0000000084b00000|100%|HS|  |TAMS 0x0000000084a00000| PB 0x0000000084a00000| Complete 
|  75|0x0000000084b00000, 0x0000000084c00000, 0x0000000084c00000|100%|HC|  |TAMS 0x0000000084b00000| PB 0x0000000084b00000| Complete 
|  76|0x0000000084c00000, 0x0000000084d00000, 0x0000000084d00000|100%|HC|  |TAMS 0x0000000084c00000| PB 0x0000000084c00000| Complete 
|  77|0x0000000084d00000, 0x0000000084e00000, 0x0000000084e00000|100%|HC|  |TAMS 0x0000000084d00000| PB 0x0000000084d00000| Complete 
|  78|0x0000000084e00000, 0x0000000084f00000, 0x0000000084f00000|100%|HC|  |TAMS 0x0000000084e00000| PB 0x0000000084e00000| Complete 
|  79|0x0000000084f00000, 0x0000000085000000, 0x0000000085000000|100%|HC|  |TAMS 0x0000000084f00000| PB 0x0000000084f00000| Complete 
|  80|0x0000000085000000, 0x0000000085100000, 0x0000000085100000|100%|HS|  |TAMS 0x0000000085000000| PB 0x0000000085000000| Complete 
|  81|0x0000000085100000, 0x0000000085200000, 0x0000000085200000|100%|HS|  |TAMS 0x0000000085100000| PB 0x0000000085100000| Complete 
|  82|0x0000000085200000, 0x0000000085300000, 0x0000000085300000|100%|HS|  |TAMS 0x0000000085200000| PB 0x0000000085200000| Complete 
|  83|0x0000000085300000, 0x0000000085400000, 0x0000000085400000|100%|HC|  |TAMS 0x0000000085300000| PB 0x0000000085300000| Complete 
|  84|0x0000000085400000, 0x0000000085500000, 0x0000000085500000|100%| O|  |TAMS 0x0000000085400000| PB 0x0000000085400000| Untracked 
|  85|0x0000000085500000, 0x0000000085600000, 0x0000000085600000|100%| O|  |TAMS 0x0000000085500000| PB 0x0000000085500000| Untracked 
|  86|0x0000000085600000, 0x0000000085700000, 0x0000000085700000|100%| O|  |TAMS 0x0000000085600000| PB 0x0000000085600000| Untracked 
|  87|0x0000000085700000, 0x0000000085800000, 0x0000000085800000|100%| O|  |TAMS 0x0000000085700000| PB 0x0000000085700000| Untracked 
|  88|0x0000000085800000, 0x0000000085900000, 0x0000000085900000|100%|HS|  |TAMS 0x0000000085800000| PB 0x0000000085800000| Complete 
|  89|0x0000000085900000, 0x0000000085a00000, 0x0000000085a00000|100%|HS|  |TAMS 0x0000000085900000| PB 0x0000000085900000| Complete 
|  90|0x0000000085a00000, 0x0000000085b00000, 0x0000000085b00000|100%|HC|  |TAMS 0x0000000085a00000| PB 0x0000000085a00000| Complete 
|  91|0x0000000085b00000, 0x0000000085c00000, 0x0000000085c00000|100%|HC|  |TAMS 0x0000000085b00000| PB 0x0000000085b00000| Complete 
|  92|0x0000000085c00000, 0x0000000085d00000, 0x0000000085d00000|100%|HC|  |TAMS 0x0000000085c00000| PB 0x0000000085c00000| Complete 
|  93|0x0000000085d00000, 0x0000000085e00000, 0x0000000085e00000|100%| O|  |TAMS 0x0000000085d00000| PB 0x0000000085d00000| Untracked 
|  94|0x0000000085e00000, 0x0000000085f00000, 0x0000000085f00000|100%| O|  |TAMS 0x0000000085e00000| PB 0x0000000085e00000| Untracked 
|  95|0x0000000085f00000, 0x0000000086000000, 0x0000000086000000|100%| O|  |TAMS 0x0000000085f00000| PB 0x0000000085f00000| Untracked 
|  96|0x0000000086000000, 0x0000000086100000, 0x0000000086100000|100%| O|  |TAMS 0x0000000086000000| PB 0x0000000086000000| Untracked 
|  97|0x0000000086100000, 0x0000000086200000, 0x0000000086200000|100%| O|  |TAMS 0x0000000086100000| PB 0x0000000086100000| Untracked 
|  98|0x0000000086200000, 0x0000000086300000, 0x0000000086300000|100%| O|  |TAMS 0x0000000086200000| PB 0x0000000086200000| Untracked 
|  99|0x0000000086300000, 0x0000000086300000, 0x0000000086400000|  0%| F|  |TAMS 0x0000000086300000| PB 0x0000000086300000| Untracked 
| 100|0x0000000086400000, 0x0000000086400000, 0x0000000086500000|  0%| F|  |TAMS 0x0000000086400000| PB 0x0000000086400000| Untracked 
| 101|0x0000000086500000, 0x0000000086500000, 0x0000000086600000|  0%| F|  |TAMS 0x0000000086500000| PB 0x0000000086500000| Untracked 
| 102|0x0000000086600000, 0x0000000086700000, 0x0000000086700000|100%| O|  |TAMS 0x0000000086600000| PB 0x0000000086600000| Untracked 
| 103|0x0000000086700000, 0x0000000086800000, 0x0000000086800000|100%| O|  |TAMS 0x0000000086700000| PB 0x0000000086700000| Untracked 
| 104|0x0000000086800000, 0x0000000086900000, 0x0000000086900000|100%| O|  |TAMS 0x0000000086800000| PB 0x0000000086800000| Untracked 
| 105|0x0000000086900000, 0x0000000086a00000, 0x0000000086a00000|100%| O|  |TAMS 0x0000000086900000| PB 0x0000000086900000| Untracked 
| 106|0x0000000086a00000, 0x0000000086a9bb98, 0x0000000086b00000| 60%| O|  |TAMS 0x0000000086a00000| PB 0x0000000086a00000| Untracked 
| 107|0x0000000086b00000, 0x0000000086b00000, 0x0000000086c00000|  0%| F|  |TAMS 0x0000000086b00000| PB 0x0000000086b00000| Untracked 
| 108|0x0000000086c00000, 0x0000000086c00000, 0x0000000086d00000|  0%| F|  |TAMS 0x0000000086c00000| PB 0x0000000086c00000| Untracked 
| 109|0x0000000086d00000, 0x0000000086d00000, 0x0000000086e00000|  0%| F|  |TAMS 0x0000000086d00000| PB 0x0000000086d00000| Untracked 
| 110|0x0000000086e00000, 0x0000000086f00000, 0x0000000086f00000|100%|HS|  |TAMS 0x0000000086e00000| PB 0x0000000086e00000| Complete 
| 111|0x0000000086f00000, 0x0000000087000000, 0x0000000087000000|100%|HC|  |TAMS 0x0000000086f00000| PB 0x0000000086f00000| Complete 
| 112|0x0000000087000000, 0x0000000087100000, 0x0000000087100000|100%|HC|  |TAMS 0x0000000087000000| PB 0x0000000087000000| Complete 
| 113|0x0000000087100000, 0x0000000087200000, 0x0000000087200000|100%|HC|  |TAMS 0x0000000087100000| PB 0x0000000087100000| Complete 
| 114|0x0000000087200000, 0x0000000087300000, 0x0000000087300000|100%|HC|  |TAMS 0x0000000087200000| PB 0x0000000087200000| Complete 
| 115|0x0000000087300000, 0x0000000087400000, 0x0000000087400000|100%|HC|  |TAMS 0x0000000087300000| PB 0x0000000087300000| Complete 
| 116|0x0000000087400000, 0x0000000087400000, 0x0000000087500000|  0%| F|  |TAMS 0x0000000087400000| PB 0x0000000087400000| Untracked 
| 117|0x0000000087500000, 0x0000000087500000, 0x0000000087600000|  0%| F|  |TAMS 0x0000000087500000| PB 0x0000000087500000| Untracked 
| 118|0x0000000087600000, 0x0000000087600000, 0x0000000087700000|  0%| F|  |TAMS 0x0000000087600000| PB 0x0000000087600000| Untracked 
| 119|0x0000000087700000, 0x0000000087700000, 0x0000000087800000|  0%| F|  |TAMS 0x0000000087700000| PB 0x0000000087700000| Untracked 
| 120|0x0000000087800000, 0x0000000087800000, 0x0000000087900000|  0%| F|  |TAMS 0x0000000087800000| PB 0x0000000087800000| Untracked 
| 121|0x0000000087900000, 0x0000000087900000, 0x0000000087a00000|  0%| F|  |TAMS 0x0000000087900000| PB 0x0000000087900000| Untracked 
| 122|0x0000000087a00000, 0x0000000087a00000, 0x0000000087b00000|  0%| F|  |TAMS 0x0000000087a00000| PB 0x0000000087a00000| Untracked 
| 123|0x0000000087b00000, 0x0000000087b00000, 0x0000000087c00000|  0%| F|  |TAMS 0x0000000087b00000| PB 0x0000000087b00000| Untracked 
| 124|0x0000000087c00000, 0x0000000087c00000, 0x0000000087d00000|  0%| F|  |TAMS 0x0000000087c00000| PB 0x0000000087c00000| Untracked 
| 125|0x0000000087d00000, 0x0000000087d00000, 0x0000000087e00000|  0%| F|  |TAMS 0x0000000087d00000| PB 0x0000000087d00000| Untracked 
| 126|0x0000000087e00000, 0x0000000087e00000, 0x0000000087f00000|  0%| F|  |TAMS 0x0000000087e00000| PB 0x0000000087e00000| Untracked 
| 127|0x0000000087f00000, 0x0000000087f00000, 0x0000000088000000|  0%| F|  |TAMS 0x0000000087f00000| PB 0x0000000087f00000| Untracked 
| 128|0x0000000088000000, 0x0000000088000000, 0x0000000088100000|  0%| F|  |TAMS 0x0000000088000000| PB 0x0000000088000000| Untracked 
| 129|0x0000000088100000, 0x0000000088100000, 0x0000000088200000|  0%| F|  |TAMS 0x0000000088100000| PB 0x0000000088100000| Untracked 
| 130|0x0000000088200000, 0x0000000088200000, 0x0000000088300000|  0%| F|  |TAMS 0x0000000088200000| PB 0x0000000088200000| Untracked 
| 131|0x0000000088300000, 0x0000000088300000, 0x0000000088400000|  0%| F|  |TAMS 0x0000000088300000| PB 0x0000000088300000| Untracked 
| 132|0x0000000088400000, 0x0000000088400000, 0x0000000088500000|  0%| F|  |TAMS 0x0000000088400000| PB 0x0000000088400000| Untracked 
| 133|0x0000000088500000, 0x0000000088500000, 0x0000000088600000|  0%| F|  |TAMS 0x0000000088500000| PB 0x0000000088500000| Untracked 
| 134|0x0000000088600000, 0x0000000088600000, 0x0000000088700000|  0%| F|  |TAMS 0x0000000088600000| PB 0x0000000088600000| Untracked 
| 135|0x0000000088700000, 0x0000000088700000, 0x0000000088800000|  0%| F|  |TAMS 0x0000000088700000| PB 0x0000000088700000| Untracked 
| 136|0x0000000088800000, 0x0000000088800000, 0x0000000088900000|  0%| F|  |TAMS 0x0000000088800000| PB 0x0000000088800000| Untracked 
| 137|0x0000000088900000, 0x0000000088900000, 0x0000000088a00000|  0%| F|  |TAMS 0x0000000088900000| PB 0x0000000088900000| Untracked 
| 138|0x0000000088a00000, 0x0000000088a00000, 0x0000000088b00000|  0%| F|  |TAMS 0x0000000088a00000| PB 0x0000000088a00000| Untracked 
| 139|0x0000000088b00000, 0x0000000088b00000, 0x0000000088c00000|  0%| F|  |TAMS 0x0000000088b00000| PB 0x0000000088b00000| Untracked 
| 140|0x0000000088c00000, 0x0000000088c00000, 0x0000000088d00000|  0%| F|  |TAMS 0x0000000088c00000| PB 0x0000000088c00000| Untracked 
| 141|0x0000000088d00000, 0x0000000088d00000, 0x0000000088e00000|  0%| F|  |TAMS 0x0000000088d00000| PB 0x0000000088d00000| Untracked 
| 142|0x0000000088e00000, 0x0000000088e00000, 0x0000000088f00000|  0%| F|  |TAMS 0x0000000088e00000| PB 0x0000000088e00000| Untracked 
| 143|0x0000000088f00000, 0x0000000088f00000, 0x0000000089000000|  0%| F|  |TAMS 0x0000000088f00000| PB 0x0000000088f00000| Untracked 
| 144|0x0000000089000000, 0x0000000089000000, 0x0000000089100000|  0%| F|  |TAMS 0x0000000089000000| PB 0x0000000089000000| Untracked 
| 145|0x0000000089100000, 0x0000000089100000, 0x0000000089200000|  0%| F|  |TAMS 0x0000000089100000| PB 0x0000000089100000| Untracked 
| 146|0x0000000089200000, 0x0000000089200000, 0x0000000089300000|  0%| F|  |TAMS 0x0000000089200000| PB 0x0000000089200000| Untracked 
| 147|0x0000000089300000, 0x0000000089300000, 0x0000000089400000|  0%| F|  |TAMS 0x0000000089300000| PB 0x0000000089300000| Untracked 
| 148|0x0000000089400000, 0x0000000089400000, 0x0000000089500000|  0%| F|  |TAMS 0x0000000089400000| PB 0x0000000089400000| Untracked 
| 149|0x0000000089500000, 0x0000000089500000, 0x0000000089600000|  0%| F|  |TAMS 0x0000000089500000| PB 0x0000000089500000| Untracked 
| 150|0x0000000089600000, 0x0000000089600000, 0x0000000089700000|  0%| F|  |TAMS 0x0000000089600000| PB 0x0000000089600000| Untracked 
| 151|0x0000000089700000, 0x0000000089700000, 0x0000000089800000|  0%| F|  |TAMS 0x0000000089700000| PB 0x0000000089700000| Untracked 
| 152|0x0000000089800000, 0x0000000089800000, 0x0000000089900000|  0%| F|  |TAMS 0x0000000089800000| PB 0x0000000089800000| Untracked 
| 153|0x0000000089900000, 0x0000000089900000, 0x0000000089a00000|  0%| F|  |TAMS 0x0000000089900000| PB 0x0000000089900000| Untracked 
| 154|0x0000000089a00000, 0x0000000089a00000, 0x0000000089b00000|  0%| F|  |TAMS 0x0000000089a00000| PB 0x0000000089a00000| Untracked 
| 155|0x0000000089b00000, 0x0000000089b00000, 0x0000000089c00000|  0%| F|  |TAMS 0x0000000089b00000| PB 0x0000000089b00000| Untracked 
| 156|0x0000000089c00000, 0x0000000089c00000, 0x0000000089d00000|  0%| F|  |TAMS 0x0000000089c00000| PB 0x0000000089c00000| Untracked 
| 157|0x0000000089d00000, 0x0000000089d00000, 0x0000000089e00000|  0%| F|  |TAMS 0x0000000089d00000| PB 0x0000000089d00000| Untracked 
| 158|0x0000000089e00000, 0x0000000089e00000, 0x0000000089f00000|  0%| F|  |TAMS 0x0000000089e00000| PB 0x0000000089e00000| Untracked 
| 159|0x0000000089f00000, 0x0000000089f00000, 0x000000008a000000|  0%| F|  |TAMS 0x0000000089f00000| PB 0x0000000089f00000| Untracked 
| 160|0x000000008a000000, 0x000000008a000000, 0x000000008a100000|  0%| F|  |TAMS 0x000000008a000000| PB 0x000000008a000000| Untracked 
| 161|0x000000008a100000, 0x000000008a100000, 0x000000008a200000|  0%| F|  |TAMS 0x000000008a100000| PB 0x000000008a100000| Untracked 
| 162|0x000000008a200000, 0x000000008a200000, 0x000000008a300000|  0%| F|  |TAMS 0x000000008a200000| PB 0x000000008a200000| Untracked 
| 163|0x000000008a300000, 0x000000008a300000, 0x000000008a400000|  0%| F|  |TAMS 0x000000008a300000| PB 0x000000008a300000| Untracked 
| 164|0x000000008a400000, 0x000000008a400000, 0x000000008a500000|  0%| F|  |TAMS 0x000000008a400000| PB 0x000000008a400000| Untracked 
| 165|0x000000008a500000, 0x000000008a500000, 0x000000008a600000|  0%| F|  |TAMS 0x000000008a500000| PB 0x000000008a500000| Untracked 
| 166|0x000000008a600000, 0x000000008a600000, 0x000000008a700000|  0%| F|  |TAMS 0x000000008a600000| PB 0x000000008a600000| Untracked 
| 167|0x000000008a700000, 0x000000008a700000, 0x000000008a800000|  0%| F|  |TAMS 0x000000008a700000| PB 0x000000008a700000| Untracked 
| 168|0x000000008a800000, 0x000000008a800000, 0x000000008a900000|  0%| F|  |TAMS 0x000000008a800000| PB 0x000000008a800000| Untracked 
| 169|0x000000008a900000, 0x000000008a900000, 0x000000008aa00000|  0%| F|  |TAMS 0x000000008a900000| PB 0x000000008a900000| Untracked 
| 170|0x000000008aa00000, 0x000000008aa00000, 0x000000008ab00000|  0%| F|  |TAMS 0x000000008aa00000| PB 0x000000008aa00000| Untracked 
| 171|0x000000008ab00000, 0x000000008aba6120, 0x000000008ac00000| 64%| S|CS|TAMS 0x000000008ab00000| PB 0x000000008ab00000| Complete 
| 172|0x000000008ac00000, 0x000000008ad00000, 0x000000008ad00000|100%| S|CS|TAMS 0x000000008ac00000| PB 0x000000008ac00000| Complete 
| 173|0x000000008ad00000, 0x000000008ae00000, 0x000000008ae00000|100%| S|CS|TAMS 0x000000008ad00000| PB 0x000000008ad00000| Complete 
| 174|0x000000008ae00000, 0x000000008ae00000, 0x000000008af00000|  0%| F|  |TAMS 0x000000008ae00000| PB 0x000000008ae00000| Untracked 
| 175|0x000000008af00000, 0x000000008af00000, 0x000000008b000000|  0%| F|  |TAMS 0x000000008af00000| PB 0x000000008af00000| Untracked 
| 176|0x000000008b000000, 0x000000008b000000, 0x000000008b100000|  0%| F|  |TAMS 0x000000008b000000| PB 0x000000008b000000| Untracked 
| 177|0x000000008b100000, 0x000000008b100000, 0x000000008b200000|  0%| F|  |TAMS 0x000000008b100000| PB 0x000000008b100000| Untracked 
| 178|0x000000008b200000, 0x000000008b200000, 0x000000008b300000|  0%| F|  |TAMS 0x000000008b200000| PB 0x000000008b200000| Untracked 
| 179|0x000000008b300000, 0x000000008b300000, 0x000000008b400000|  0%| F|  |TAMS 0x000000008b300000| PB 0x000000008b300000| Untracked 
| 180|0x000000008b400000, 0x000000008b400000, 0x000000008b500000|  0%| F|  |TAMS 0x000000008b400000| PB 0x000000008b400000| Untracked 
| 181|0x000000008b500000, 0x000000008b500000, 0x000000008b600000|  0%| F|  |TAMS 0x000000008b500000| PB 0x000000008b500000| Untracked 
| 182|0x000000008b600000, 0x000000008b600000, 0x000000008b700000|  0%| F|  |TAMS 0x000000008b600000| PB 0x000000008b600000| Untracked 
| 183|0x000000008b700000, 0x000000008b700000, 0x000000008b800000|  0%| F|  |TAMS 0x000000008b700000| PB 0x000000008b700000| Untracked 
| 184|0x000000008b800000, 0x000000008b900000, 0x000000008b900000|100%| E|CS|TAMS 0x000000008b800000| PB 0x000000008b800000| Complete 
| 185|0x000000008b900000, 0x000000008ba00000, 0x000000008ba00000|100%| E|CS|TAMS 0x000000008b900000| PB 0x000000008b900000| Complete 
| 186|0x000000008ba00000, 0x000000008bb00000, 0x000000008bb00000|100%| E|CS|TAMS 0x000000008ba00000| PB 0x000000008ba00000| Complete 
| 187|0x000000008bb00000, 0x000000008bc00000, 0x000000008bc00000|100%| E|CS|TAMS 0x000000008bb00000| PB 0x000000008bb00000| Complete 
| 188|0x000000008bc00000, 0x000000008bc00000, 0x000000008bd00000|  0%| F|  |TAMS 0x000000008bc00000| PB 0x000000008bc00000| Untracked 
| 189|0x000000008bd00000, 0x000000008bd00000, 0x000000008be00000|  0%| F|  |TAMS 0x000000008bd00000| PB 0x000000008bd00000| Untracked 
| 190|0x000000008be00000, 0x000000008be00000, 0x000000008bf00000|  0%| F|  |TAMS 0x000000008be00000| PB 0x000000008be00000| Untracked 
| 191|0x000000008bf00000, 0x000000008bf00000, 0x000000008c000000|  0%| F|  |TAMS 0x000000008bf00000| PB 0x000000008bf00000| Untracked 
| 192|0x000000008c000000, 0x000000008c000000, 0x000000008c100000|  0%| F|  |TAMS 0x000000008c000000| PB 0x000000008c000000| Untracked 
| 193|0x000000008c100000, 0x000000008c100000, 0x000000008c200000|  0%| F|  |TAMS 0x000000008c100000| PB 0x000000008c100000| Untracked 
| 194|0x000000008c200000, 0x000000008c200000, 0x000000008c300000|  0%| F|  |TAMS 0x000000008c200000| PB 0x000000008c200000| Untracked 
| 195|0x000000008c300000, 0x000000008c300000, 0x000000008c400000|  0%| F|  |TAMS 0x000000008c300000| PB 0x000000008c300000| Untracked 
| 196|0x000000008c400000, 0x000000008c400000, 0x000000008c500000|  0%| F|  |TAMS 0x000000008c400000| PB 0x000000008c400000| Untracked 
| 197|0x000000008c500000, 0x000000008c580800, 0x000000008c600000| 50%| E|  |TAMS 0x000000008c500000| PB 0x000000008c500000| Complete 
| 198|0x000000008c600000, 0x000000008c700000, 0x000000008c700000|100%| E|CS|TAMS 0x000000008c600000| PB 0x000000008c600000| Complete 
| 199|0x000000008c700000, 0x000000008c800000, 0x000000008c800000|100%| E|CS|TAMS 0x000000008c700000| PB 0x000000008c700000| Complete 
| 200|0x000000008c800000, 0x000000008c900000, 0x000000008c900000|100%| E|CS|TAMS 0x000000008c800000| PB 0x000000008c800000| Complete 
| 201|0x000000008c900000, 0x000000008ca00000, 0x000000008ca00000|100%| E|CS|TAMS 0x000000008c900000| PB 0x000000008c900000| Complete 
| 202|0x000000008ca00000, 0x000000008cb00000, 0x000000008cb00000|100%| E|CS|TAMS 0x000000008ca00000| PB 0x000000008ca00000| Complete 
| 203|0x000000008cb00000, 0x000000008cc00000, 0x000000008cc00000|100%| E|CS|TAMS 0x000000008cb00000| PB 0x000000008cb00000| Complete 
| 204|0x000000008cc00000, 0x000000008cd00000, 0x000000008cd00000|100%| E|CS|TAMS 0x000000008cc00000| PB 0x000000008cc00000| Complete 
| 205|0x000000008cd00000, 0x000000008ce00000, 0x000000008ce00000|100%| E|CS|TAMS 0x000000008cd00000| PB 0x000000008cd00000| Complete 
| 206|0x000000008ce00000, 0x000000008cf00000, 0x000000008cf00000|100%| E|CS|TAMS 0x000000008ce00000| PB 0x000000008ce00000| Complete 
| 207|0x000000008cf00000, 0x000000008d000000, 0x000000008d000000|100%| E|CS|TAMS 0x000000008cf00000| PB 0x000000008cf00000| Complete 
| 208|0x000000008d000000, 0x000000008d100000, 0x000000008d100000|100%| E|CS|TAMS 0x000000008d000000| PB 0x000000008d000000| Complete 
| 209|0x000000008d100000, 0x000000008d200000, 0x000000008d200000|100%| E|CS|TAMS 0x000000008d100000| PB 0x000000008d100000| Complete 
| 210|0x000000008d200000, 0x000000008d300000, 0x000000008d300000|100%| E|CS|TAMS 0x000000008d200000| PB 0x000000008d200000| Complete 
| 211|0x000000008d300000, 0x000000008d400000, 0x000000008d400000|100%| E|CS|TAMS 0x000000008d300000| PB 0x000000008d300000| Complete 
|2023|0x00000000fe700000, 0x00000000fe800000, 0x00000000fe800000|100%| O|Cm|TAMS 0x00000000fe700000| PB 0x00000000fe700000| Complete 
|2024|0x00000000fe800000, 0x00000000fe900000, 0x00000000fe900000|100%| O|Cm|TAMS 0x00000000fe800000| PB 0x00000000fe800000| Complete 
|2025|0x00000000fe900000, 0x00000000fea00000, 0x00000000fea00000|100%| O|  |TAMS 0x00000000fe900000| PB 0x00000000fe900000| Untracked 
|2026|0x00000000fea00000, 0x00000000feb00000, 0x00000000feb00000|100%| O|  |TAMS 0x00000000fea00000| PB 0x00000000fea00000| Untracked 
|2027|0x00000000feb00000, 0x00000000fec00000, 0x00000000fec00000|100%| O|  |TAMS 0x00000000feb00000| PB 0x00000000feb00000| Untracked 
|2028|0x00000000fec00000, 0x00000000fed00000, 0x00000000fed00000|100%| O|  |TAMS 0x00000000fec00000| PB 0x00000000fec00000| Untracked 
|2029|0x00000000fed00000, 0x00000000fee00000, 0x00000000fee00000|100%| O|  |TAMS 0x00000000fed00000| PB 0x00000000fed00000| Untracked 
|2030|0x00000000fee00000, 0x00000000fef00000, 0x00000000fef00000|100%| O|  |TAMS 0x00000000fee00000| PB 0x00000000fee00000| Untracked 
|2031|0x00000000fef00000, 0x00000000ff000000, 0x00000000ff000000|100%| O|  |TAMS 0x00000000fef00000| PB 0x00000000fef00000| Untracked 
|2032|0x00000000ff000000, 0x00000000ff100000, 0x00000000ff100000|100%| O|  |TAMS 0x00000000ff000000| PB 0x00000000ff000000| Untracked 
|2033|0x00000000ff100000, 0x00000000ff200000, 0x00000000ff200000|100%| O|  |TAMS 0x00000000ff100000| PB 0x00000000ff100000| Untracked 
|2034|0x00000000ff200000, 0x00000000ff300000, 0x00000000ff300000|100%| O|  |TAMS 0x00000000ff200000| PB 0x00000000ff200000| Untracked 
|2035|0x00000000ff300000, 0x00000000ff400000, 0x00000000ff400000|100%| O|  |TAMS 0x00000000ff300000| PB 0x00000000ff300000| Untracked 
|2036|0x00000000ff400000, 0x00000000ff500000, 0x00000000ff500000|100%| O|  |TAMS 0x00000000ff400000| PB 0x00000000ff400000| Untracked 
|2037|0x00000000ff500000, 0x00000000ff600000, 0x00000000ff600000|100%| O|  |TAMS 0x00000000ff500000| PB 0x00000000ff500000| Untracked 
|2038|0x00000000ff600000, 0x00000000ff700000, 0x00000000ff700000|100%| O|  |TAMS 0x00000000ff600000| PB 0x00000000ff600000| Untracked 
|2039|0x00000000ff700000, 0x00000000ff800000, 0x00000000ff800000|100%| O|  |TAMS 0x00000000ff700000| PB 0x00000000ff700000| Untracked 
|2040|0x00000000ff800000, 0x00000000ff900000, 0x00000000ff900000|100%| O|  |TAMS 0x00000000ff800000| PB 0x00000000ff800000| Untracked 
|2041|0x00000000ff900000, 0x00000000ffa00000, 0x00000000ffa00000|100%| O|  |TAMS 0x00000000ff900000| PB 0x00000000ff900000| Untracked 
|2042|0x00000000ffa00000, 0x00000000ffb00000, 0x00000000ffb00000|100%| O|  |TAMS 0x00000000ffa00000| PB 0x00000000ffa00000| Untracked 
|2043|0x00000000ffb00000, 0x00000000ffc00000, 0x00000000ffc00000|100%| O|  |TAMS 0x00000000ffb00000| PB 0x00000000ffb00000| Untracked 
|2044|0x00000000ffc00000, 0x00000000ffd00000, 0x00000000ffd00000|100%| O|  |TAMS 0x00000000ffc00000| PB 0x00000000ffc00000| Untracked 
|2045|0x00000000ffd00000, 0x00000000ffe00000, 0x00000000ffe00000|100%| O|  |TAMS 0x00000000ffd00000| PB 0x00000000ffd00000| Untracked 
|2046|0x00000000ffe00000, 0x00000000fff00000, 0x00000000fff00000|100%| E|CS|TAMS 0x00000000ffe00000| PB 0x00000000ffe00000| Complete 
|2047|0x00000000fff00000, 0x0000000100000000, 0x0000000100000000|100%| O|  |TAMS 0x00000000fff00000| PB 0x00000000fff00000| Untracked 

Card table byte_map: [0x0000023eb5150000,0x0000023eb5550000] _byte_map_base: 0x0000023eb4d50000

Marking Bits: (CMBitMap*) 0x0000023ea270ea50
 Bits: [0x0000023eb5550000, 0x0000023eb7550000)

Polling page: 0x0000023ea0630000

Metaspace:

Usage:
  Non-class:     78.95 MB used.
      Class:     12.68 MB used.
       Both:     91.63 MB used.

Virtual space:
  Non-class space:      128.00 MB reserved,      79.88 MB ( 62%) committed,  2 nodes.
      Class space:        1.00 GB reserved,      13.56 MB (  1%) committed,  1 nodes.
             Both:        1.12 GB reserved,      93.44 MB (  8%) committed. 

Chunk freelists:
   Non-Class:  15.67 MB
       Class:  2.41 MB
        Both:  18.08 MB

MaxMetaspaceSize: unlimited
CompressedClassSpaceSize: 1.00 GB
Initial GC threshold: 21.00 MB
Current GC threshold: 153.12 MB
CDS: off
 - commit_granule_bytes: 65536.
 - commit_granule_words: 8192.
 - virtual_space_node_default_size: 8388608.
 - enlarge_chunks_in_place: 1.
 - use_allocation_guard: 0.


Internal statistics:

num_allocs_failed_limit: 9.
num_arena_births: 3356.
num_arena_deaths: 0.
num_vsnodes_births: 3.
num_vsnodes_deaths: 0.
num_space_committed: 1493.
num_space_uncommitted: 0.
num_chunks_returned_to_freelist: 9.
num_chunks_taken_from_freelist: 7027.
num_chunk_merges: 9.
num_chunk_splits: 4774.
num_chunks_enlarged: 3223.
num_inconsistent_stats: 0.

CodeHeap 'non-profiled nmethods': size=120000Kb used=4178Kb max_used=4189Kb free=115822Kb
 bounds [0x0000023ead2d0000, 0x0000023ead6f0000, 0x0000023eb4800000]
CodeHeap 'profiled nmethods': size=120000Kb used=15184Kb max_used=15534Kb free=104815Kb
 bounds [0x0000023ea5800000, 0x0000023ea6730000, 0x0000023eacd30000]
CodeHeap 'non-nmethods': size=5760Kb used=2809Kb max_used=2824Kb free=2950Kb
 bounds [0x0000023eacd30000, 0x0000023ead000000, 0x0000023ead2d0000]
 total_blobs=9219 nmethods=8279 adapters=843
 compilation: enabled
              stopped_count=0, restarted_count=0
 full_count=0

Compilation events (20 events):
Event: 36.788 Thread 0x0000023eba362ac0 9841       3       java.util.ArrayList::remove (76 bytes)
Event: 36.788 Thread 0x0000023eba362ac0 nmethod 9841 0x0000023ea60e3d10 code [0x0000023ea60e3f00, 0x0000023ea60e43e0]
Event: 36.788 Thread 0x0000023eba362ac0 9839       3       kotlin.jvm.JvmClassMappingKt::getAnnotationClass (28 bytes)
Event: 36.790 Thread 0x0000023eba362ac0 nmethod 9839 0x0000023ea61c8210 code [0x0000023ea61c8620, 0x0000023ea61c9e88]
Event: 36.790 Thread 0x0000023eba362ac0 9842       3       org.jetbrains.kotlin.com.intellij.util.containers.MultiMap::putValue (27 bytes)
Event: 36.791 Thread 0x0000023eba362ac0 nmethod 9842 0x0000023ea60cea10 code [0x0000023ea60cec40, 0x0000023ea60cf4b0]
Event: 36.791 Thread 0x0000023eba362ac0 9843       3       org.jetbrains.kotlin.com.intellij.util.containers.MultiMap$$Lambda/0x0000000100d90000::<init> (10 bytes)
Event: 36.791 Thread 0x0000023eba362ac0 nmethod 9843 0x0000023ea5e47490 code [0x0000023ea5e47640, 0x0000023ea5e477f8]
Event: 36.791 Thread 0x0000023eba362ac0 9844       1       org.jetbrains.kotlin.com.intellij.util.containers.ConcurrentWeakKeySoftValueHashMap$HardKey::hashCode (5 bytes)
Event: 36.791 Thread 0x0000023eba362ac0 nmethod 9844 0x0000023ead456d90 code [0x0000023ead456f20, 0x0000023ead456fe8]
Event: 36.791 Thread 0x0000023eba362ac0 9845       1       org.jetbrains.kotlin.com.intellij.util.containers.ConcurrentWeakKeySoftValueHashMap$WeakKey::hashCode (5 bytes)
Event: 36.791 Thread 0x0000023eba362ac0 nmethod 9845 0x0000023ead379a10 code [0x0000023ead379ba0, 0x0000023ead379c68]
Event: 36.791 Thread 0x0000023eba362ac0 9846       1       org.jetbrains.kotlin.container.ClassInfo::getRegistrations (5 bytes)
Event: 36.791 Thread 0x0000023eba362ac0 nmethod 9846 0x0000023ead379710 code [0x0000023ead3798a0, 0x0000023ead379968]
Event: 36.794 Thread 0x0000023eba362ac0 9848       3       org.jetbrains.kotlin.container.CacheKt::getSetterInfos (152 bytes)
Event: 36.799 Thread 0x0000023eba362ac0 nmethod 9848 0x0000023ea6193e90 code [0x0000023ea6194540, 0x0000023ea6197a38]
Event: 36.800 Thread 0x0000023eba362ac0 9849       1       kotlin.collections.EmptyIterator::hasNext (2 bytes)
Event: 36.800 Thread 0x0000023eba362ac0 nmethod 9849 0x0000023ead379410 code [0x0000023ead3795a0, 0x0000023ead379668]
Event: 36.800 Thread 0x0000023eba362ac0 9850       1       org.jetbrains.kotlin.container.ComponentDescriptor::getShouldInjectProperties (2 bytes)
Event: 36.800 Thread 0x0000023eba362ac0 nmethod 9850 0x0000023ead379090 code [0x0000023ead379220, 0x0000023ead3792e8]

GC Heap History (20 events):
Event: 26.995 GC heap before
{Heap before GC invocations=21 (full 0):
 garbage-first heap   total 126976K, used 112360K [0x0000000080000000, 0x0000000100000000)
  region size 1024K, 42 young (43008K), 5 survivors (5120K)
 Metaspace       used 72148K, committed 73920K, reserved 1114112K
  class space    used 9939K, committed 10816K, reserved 1048576K
}
Event: 27.005 GC heap after
{Heap after GC invocations=22 (full 0):
 garbage-first heap   total 126976K, used 80380K [0x0000000080000000, 0x0000000100000000)
  region size 1024K, 6 young (6144K), 6 survivors (6144K)
 Metaspace       used 72148K, committed 73920K, reserved 1114112K
  class space    used 9939K, committed 10816K, reserved 1048576K
}
Event: 27.820 GC heap before
{Heap before GC invocations=23 (full 0):
 garbage-first heap   total 140288K, used 111100K [0x0000000080000000, 0x0000000100000000)
  region size 1024K, 37 young (37888K), 6 survivors (6144K)
 Metaspace       used 72342K, committed 74112K, reserved 1114112K
  class space    used 9940K, committed 10816K, reserved 1048576K
}
Event: 27.829 GC heap after
{Heap after GC invocations=24 (full 0):
 garbage-first heap   total 140288K, used 84157K [0x0000000080000000, 0x0000000100000000)
  region size 1024K, 4 young (4096K), 4 survivors (4096K)
 Metaspace       used 72342K, committed 74112K, reserved 1114112K
  class space    used 9940K, committed 10816K, reserved 1048576K
}
Event: 28.483 GC heap before
{Heap before GC invocations=24 (full 0):
 garbage-first heap   total 140288K, used 126141K [0x0000000080000000, 0x0000000100000000)
  region size 1024K, 46 young (47104K), 4 survivors (4096K)
 Metaspace       used 72561K, committed 74368K, reserved 1114112K
  class space    used 9940K, committed 10816K, reserved 1048576K
}
Event: 28.490 GC heap after
{Heap after GC invocations=25 (full 0):
 garbage-first heap   total 140288K, used 84581K [0x0000000080000000, 0x0000000100000000)
  region size 1024K, 4 young (4096K), 4 survivors (4096K)
 Metaspace       used 72561K, committed 74368K, reserved 1114112K
  class space    used 9940K, committed 10816K, reserved 1048576K
}
Event: 28.838 GC heap before
{Heap before GC invocations=25 (full 0):
 garbage-first heap   total 140288K, used 126565K [0x0000000080000000, 0x0000000100000000)
  region size 1024K, 46 young (47104K), 4 survivors (4096K)
 Metaspace       used 72584K, committed 74368K, reserved 1114112K
  class space    used 9941K, committed 10816K, reserved 1048576K
}
Event: 28.844 GC heap after
{Heap after GC invocations=26 (full 0):
 garbage-first heap   total 140288K, used 85454K [0x0000000080000000, 0x0000000100000000)
  region size 1024K, 4 young (4096K), 4 survivors (4096K)
 Metaspace       used 72584K, committed 74368K, reserved 1114112K
  class space    used 9941K, committed 10816K, reserved 1048576K
}
Event: 29.223 GC heap before
{Heap before GC invocations=27 (full 0):
 garbage-first heap   total 148480K, used 126414K [0x0000000080000000, 0x0000000100000000)
  region size 1024K, 45 young (46080K), 4 survivors (4096K)
 Metaspace       used 72591K, committed 74368K, reserved 1114112K
  class space    used 9941K, committed 10816K, reserved 1048576K
}
Event: 29.227 GC heap after
{Heap after GC invocations=28 (full 0):
 garbage-first heap   total 178176K, used 86335K [0x0000000080000000, 0x0000000100000000)
  region size 1024K, 4 young (4096K), 4 survivors (4096K)
 Metaspace       used 72591K, committed 74368K, reserved 1114112K
  class space    used 9941K, committed 10816K, reserved 1048576K
}
Event: 31.632 GC heap before
{Heap before GC invocations=28 (full 0):
 garbage-first heap   total 178176K, used 162111K [0x0000000080000000, 0x0000000100000000)
  region size 1024K, 79 young (80896K), 4 survivors (4096K)
 Metaspace       used 81621K, committed 83392K, reserved 1179648K
  class space    used 11538K, committed 12416K, reserved 1048576K
}
Event: 31.639 GC heap after
{Heap after GC invocations=29 (full 0):
 garbage-first heap   total 178176K, used 85575K [0x0000000080000000, 0x0000000100000000)
  region size 1024K, 5 young (5120K), 5 survivors (5120K)
 Metaspace       used 81621K, committed 83392K, reserved 1179648K
  class space    used 11538K, committed 12416K, reserved 1048576K
}
Event: 32.734 GC heap before
{Heap before GC invocations=29 (full 0):
 garbage-first heap   total 178176K, used 120391K [0x0000000080000000, 0x0000000100000000)
  region size 1024K, 40 young (40960K), 5 survivors (5120K)
 Metaspace       used 87488K, committed 89280K, reserved 1179648K
  class space    used 12279K, committed 13184K, reserved 1048576K
}
Event: 32.742 GC heap after
{Heap after GC invocations=30 (full 0):
 garbage-first heap   total 178176K, used 86455K [0x0000000080000000, 0x0000000100000000)
  region size 1024K, 5 young (5120K), 5 survivors (5120K)
 Metaspace       used 87488K, committed 89280K, reserved 1179648K
  class space    used 12279K, committed 13184K, reserved 1048576K
}
Event: 33.493 GC heap before
{Heap before GC invocations=31 (full 0):
 garbage-first heap   total 178176K, used 177591K [0x0000000080000000, 0x0000000100000000)
  region size 1024K, 78 young (79872K), 5 survivors (5120K)
 Metaspace       used 87767K, committed 89600K, reserved 1179648K
  class space    used 12288K, committed 13184K, reserved 1048576K
}
Event: 33.544 GC heap after
{Heap after GC invocations=32 (full 0):
 garbage-first heap   total 204800K, used 112236K [0x0000000080000000, 0x0000000100000000)
  region size 1024K, 10 young (10240K), 10 survivors (10240K)
 Metaspace       used 87767K, committed 89600K, reserved 1179648K
  class space    used 12288K, committed 13184K, reserved 1048576K
}
Event: 35.761 GC heap before
{Heap before GC invocations=32 (full 0):
 garbage-first heap   total 204800K, used 195180K [0x0000000080000000, 0x0000000100000000)
  region size 1024K, 74 young (75776K), 10 survivors (10240K)
 Metaspace       used 92207K, committed 94016K, reserved 1179648K
  class space    used 12798K, committed 13696K, reserved 1048576K
}
Event: 35.785 GC heap after
{Heap after GC invocations=33 (full 0):
 garbage-first heap   total 218112K, used 135880K [0x0000000080000000, 0x0000000100000000)
  region size 1024K, 10 young (10240K), 10 survivors (10240K)
 Metaspace       used 92207K, committed 94016K, reserved 1179648K
  class space    used 12798K, committed 13696K, reserved 1048576K
}
Event: 36.049 GC heap before
{Heap before GC invocations=33 (full 0):
 garbage-first heap   total 218112K, used 143048K [0x0000000080000000, 0x0000000100000000)
  region size 1024K, 18 young (18432K), 10 survivors (10240K)
 Metaspace       used 92275K, committed 94080K, reserved 1179648K
  class space    used 12798K, committed 13696K, reserved 1048576K
}
Event: 36.061 GC heap after
{Heap after GC invocations=34 (full 0):
 garbage-first heap   total 218112K, used 138503K [0x0000000080000000, 0x0000000100000000)
  region size 1024K, 3 young (3072K), 3 survivors (3072K)
 Metaspace       used 92275K, committed 94080K, reserved 1179648K
  class space    used 12798K, committed 13696K, reserved 1048576K
}

Dll operation events (3 events):
Event: 0.023 Loaded shared library C:\Program Files\Android\Android Studio\jbr\bin\java.dll
Event: 0.035 Loaded shared library C:\Program Files\Android\Android Studio\jbr\bin\zip.dll
Event: 1.427 Loaded shared library C:\Program Files\Android\Android Studio\jbr\bin\verify.dll

Deoptimization events (20 events):
Event: 35.464 Thread 0x0000023ec0a76850 Uncommon trap: trap_request=0xffffffde fr.pc=0x0000023ead6d1020 relative=0x00000000000004a0
Event: 35.464 Thread 0x0000023ec0a76850 Uncommon trap: reason=class_check action=maybe_recompile pc=0x0000023ead6d1020 method=org.jetbrains.kotlin.protobuf.CodedInputStream.tryRefillBuffer(I)Z @ 177 c2
Event: 35.464 Thread 0x0000023ec0a76850 DEOPT PACKING pc=0x0000023ead6d1020 sp=0x000000c9766f46c0
Event: 35.464 Thread 0x0000023ec0a76850 DEOPT UNPACKING pc=0x0000023eacd846a2 sp=0x000000c9766f45a8 mode 2
Event: 35.470 Thread 0x0000023ec0a76850 Uncommon trap: trap_request=0xffffffde fr.pc=0x0000023ead6d1020 relative=0x00000000000004a0
Event: 35.470 Thread 0x0000023ec0a76850 Uncommon trap: reason=class_check action=maybe_recompile pc=0x0000023ead6d1020 method=org.jetbrains.kotlin.protobuf.CodedInputStream.tryRefillBuffer(I)Z @ 177 c2
Event: 35.470 Thread 0x0000023ec0a76850 DEOPT PACKING pc=0x0000023ead6d1020 sp=0x000000c9766f46c0
Event: 35.470 Thread 0x0000023ec0a76850 DEOPT UNPACKING pc=0x0000023eacd846a2 sp=0x000000c9766f45a8 mode 2
Event: 35.481 Thread 0x0000023ec0a76850 Uncommon trap: trap_request=0xffffffde fr.pc=0x0000023ead6d1020 relative=0x00000000000004a0
Event: 35.481 Thread 0x0000023ec0a76850 Uncommon trap: reason=class_check action=maybe_recompile pc=0x0000023ead6d1020 method=org.jetbrains.kotlin.protobuf.CodedInputStream.tryRefillBuffer(I)Z @ 177 c2
Event: 35.481 Thread 0x0000023ec0a76850 DEOPT PACKING pc=0x0000023ead6d1020 sp=0x000000c9766f46c0
Event: 35.481 Thread 0x0000023ec0a76850 DEOPT UNPACKING pc=0x0000023eacd846a2 sp=0x000000c9766f45a8 mode 2
Event: 35.482 Thread 0x0000023ec0a76850 Uncommon trap: trap_request=0xffffffde fr.pc=0x0000023ead6d1020 relative=0x00000000000004a0
Event: 35.482 Thread 0x0000023ec0a76850 Uncommon trap: reason=class_check action=maybe_recompile pc=0x0000023ead6d1020 method=org.jetbrains.kotlin.protobuf.CodedInputStream.tryRefillBuffer(I)Z @ 177 c2
Event: 35.482 Thread 0x0000023ec0a76850 DEOPT PACKING pc=0x0000023ead6d1020 sp=0x000000c9766f46c0
Event: 35.482 Thread 0x0000023ec0a76850 DEOPT UNPACKING pc=0x0000023eacd846a2 sp=0x000000c9766f45a8 mode 2
Event: 36.659 Thread 0x0000023ec0a76850 Uncommon trap: trap_request=0xffffffcc fr.pc=0x0000023ead6c2e98 relative=0x0000000000000358
Event: 36.659 Thread 0x0000023ec0a76850 Uncommon trap: reason=intrinsic_or_type_checked_inlining action=make_not_entrant pc=0x0000023ead6c2e98 method=java.util.ArrayList.toArray([Ljava/lang/Object;)[Ljava/lang/Object; @ 36 c2
Event: 36.659 Thread 0x0000023ec0a76850 DEOPT PACKING pc=0x0000023ead6c2e98 sp=0x000000c9766f14b0
Event: 36.660 Thread 0x0000023ec0a76850 DEOPT UNPACKING pc=0x0000023eacd846a2 sp=0x000000c9766f1490 mode 2

Classes loaded (20 events):
Event: 32.653 Loading class java/io/IOError
Event: 32.654 Loading class java/io/IOError done
Event: 32.669 Loading class java/nio/channels/FileChannel$MapMode
Event: 32.670 Loading class java/nio/channels/FileChannel$MapMode done
Event: 32.670 Loading class jdk/internal/misc/ExtendedMapMode
Event: 32.671 Loading class jdk/internal/misc/ExtendedMapMode done
Event: 32.672 Loading class sun/nio/ch/FileChannelImpl$DefaultUnmapper
Event: 32.673 Loading class sun/nio/ch/FileChannelImpl$Unmapper
Event: 32.673 Loading class jdk/internal/access/foreign/UnmapperProxy
Event: 32.673 Loading class jdk/internal/access/foreign/UnmapperProxy done
Event: 32.673 Loading class sun/nio/ch/FileChannelImpl$Unmapper done
Event: 32.673 Loading class sun/nio/ch/FileChannelImpl$DefaultUnmapper done
Event: 32.673 Loading class sun/nio/ch/Util$4
Event: 32.674 Loading class sun/nio/ch/Util$4 done
Event: 32.684 Loading class java/io/UTFDataFormatException
Event: 32.684 Loading class java/io/UTFDataFormatException done
Event: 32.831 Loading class java/util/zip/ZipFile$ZipEntryIterator
Event: 32.832 Loading class java/util/zip/ZipFile$ZipEntryIterator done
Event: 33.756 Loading class java/nio/channels/NonWritableChannelException
Event: 33.756 Loading class java/nio/channels/NonWritableChannelException done

Classes unloaded (0 events):
No events

Classes redefined (0 events):
No events

Internal exceptions (20 events):
Event: 29.404 Thread 0x0000023ec0a76850 Exception <a 'java/lang/NoSuchMethodError'{0x000000008985d778}: 'void java.lang.invoke.DirectMethodHandle$Holder.invokeInterface(java.lang.Object, java.lang.Object, java.lang.Object, java.lang.Object)'> (0x000000008985d778) 
thrown [s\src\hotspot\share\interpreter\linkResolver.cpp, line 784]
Event: 29.507 Thread 0x0000023ec0a76850 Exception <a 'java/lang/IncompatibleClassChangeError'{0x0000000089249db0}: Found class java.lang.Object, but interface was expected> (0x0000000089249db0) 
thrown [s\src\hotspot\share\interpreter\linkResolver.cpp, line 851]
Event: 29.529 Thread 0x0000023ec0a76850 Exception <a 'java/lang/NoSuchMethodError'{0x0000000089101478}: 'void java.lang.invoke.DirectMethodHandle$Holder.invokeVirtual(java.lang.Object, java.lang.Object)'> (0x0000000089101478) 
thrown [s\src\hotspot\share\interpreter\linkResolver.cpp, line 784]
Event: 29.576 Thread 0x0000023ec0a76850 Exception <a 'java/lang/NoSuchMethodError'{0x00000000890b1580}: 'java.lang.Object java.lang.invoke.DirectMethodHandle$Holder.invokeStaticInit(java.lang.Object, int)'> (0x00000000890b1580) 
thrown [s\src\hotspot\share\interpreter\linkResolver.cpp, line 784]
Event: 29.732 Thread 0x0000023ec0a76850 Implicit null exception at 0x0000023ead456f41 to 0x0000023ead45709c
Event: 30.527 Thread 0x0000023ec0a76850 Exception <a 'sun/nio/fs/WindowsException'{0x00000000877f3e00}> (0x00000000877f3e00) 
thrown [s\src\hotspot\share\prims\jni.cpp, line 535]
Event: 30.528 Thread 0x0000023ec0a76850 Exception <a 'sun/nio/fs/WindowsException'{0x00000000877f5bf8}> (0x00000000877f5bf8) 
thrown [s\src\hotspot\share\prims\jni.cpp, line 535]
Event: 31.235 Thread 0x0000023ec0a76850 Exception <a 'java/lang/NoSuchMethodError'{0x00000000867cbd18}: 'long java.lang.invoke.DirectMethodHandle$Holder.invokeStatic(java.lang.Object)'> (0x00000000867cbd18) 
thrown [s\src\hotspot\share\interpreter\linkResolver.cpp, line 784]
Event: 31.236 Thread 0x0000023ec0a76850 Exception <a 'java/lang/NoSuchMethodError'{0x00000000867d0898}: 'long java.lang.invoke.DirectMethodHandle$Holder.invokeStaticInit(java.lang.Object)'> (0x00000000867d0898) 
thrown [s\src\hotspot\share\interpreter\linkResolver.cpp, line 784]
Event: 31.406 Thread 0x0000023ec0a76850 Exception <a 'java/lang/NoSuchMethodError'{0x00000000862d35f8}: 'long java.lang.invoke.Invokers$Holder.invoke_MT(java.lang.Object, java.lang.Object, java.lang.Object, java.lang.Object)'> (0x00000000862d35f8) 
thrown [s\src\hotspot\share\interpreter\linkResolver.cpp, line 784]
Event: 31.407 Thread 0x0000023ec0a76850 Exception <a 'java/lang/NoSuchMethodError'{0x00000000862dc2b0}: 'int java.lang.invoke.Invokers$Holder.invoke_MT(java.lang.Object, java.lang.Object, java.lang.Object, java.lang.Object)'> (0x00000000862dc2b0) 
thrown [s\src\hotspot\share\interpreter\linkResolver.cpp, line 784]
Event: 31.409 Thread 0x0000023ec0a76850 Exception <a 'java/lang/NoSuchMethodError'{0x00000000862e53f8}: 'void java.lang.invoke.DelegatingMethodHandle$Holder.reinvoke_L(java.lang.Object, java.lang.Object, java.lang.Object, long, java.lang.Object)'> (0x00000000862e53f8) 
thrown [s\src\hotspot\share\interpreter\linkResolver.cpp, line 784]
Event: 31.410 Thread 0x0000023ec0a76850 Exception <a 'java/lang/NoSuchMethodError'{0x00000000862f7f28}: 'int java.lang.invoke.DelegatingMethodHandle$Holder.reinvoke_L(java.lang.Object, java.lang.Object, java.lang.Object, long, java.lang.Object, java.lang.Object)'> (0x00000000862f7f28) 
thrown [s\src\hotspot\share\interpreter\linkResolver.cpp, line 784]
Event: 31.411 Thread 0x0000023ec0a76850 Exception <a 'java/lang/NoSuchMethodError'{0x0000000086107c70}: 'int java.lang.invoke.DelegatingMethodHandle$Holder.reinvoke_L(java.lang.Object, java.lang.Object, java.lang.Object, long, int, int)'> (0x0000000086107c70) 
thrown [s\src\hotspot\share\interpreter\linkResolver.cpp, line 784]
Event: 31.412 Thread 0x0000023ec0a76850 Exception <a 'java/lang/NoSuchMethodError'{0x0000000086117088}: 'int java.lang.invoke.DelegatingMethodHandle$Holder.reinvoke_L(java.lang.Object, java.lang.Object, java.lang.Object, long, long, long)'> (0x0000000086117088) 
thrown [s\src\hotspot\share\interpreter\linkResolver.cpp, line 784]
Event: 31.412 Thread 0x0000023ec0a76850 Exception <a 'java/lang/NoSuchMethodError'{0x0000000086126180}: 'int java.lang.invoke.DelegatingMethodHandle$Holder.reinvoke_L(java.lang.Object, java.lang.Object, java.lang.Object, long, int)'> (0x0000000086126180) 
thrown [s\src\hotspot\share\interpreter\linkResolver.cpp, line 784]
Event: 32.564 Thread 0x0000023ec0a76850 Exception <a 'java/lang/NoSuchMethodError'{0x0000000088dd34d8}: 'java.lang.Object java.lang.invoke.Invokers$Holder.invokeExact_MT(java.lang.Object, java.lang.Object, long, java.lang.Object)'> (0x0000000088dd34d8) 
thrown [s\src\hotspot\share\interpreter\linkResolver.cpp, line 784]
Event: 32.676 Thread 0x0000023ec0a76850 Exception <a 'java/lang/NoSuchMethodError'{0x0000000088a5ce30}: 'long java.lang.invoke.DirectMethodHandle$Holder.invokeStatic(java.lang.Object, java.lang.Object, int)'> (0x0000000088a5ce30) 
thrown [s\src\hotspot\share\interpreter\linkResolver.cpp, line 784]
Event: 32.678 Thread 0x0000023ec0a76850 Exception <a 'java/lang/NoSuchMethodError'{0x0000000088a694e8}: 'java.lang.Object java.lang.invoke.DelegatingMethodHandle$Holder.reinvoke_L(java.lang.Object, int, long, java.lang.Object, java.lang.Object, int, java.lang.Object)'> (0x0000000088a694e8) 
thrown [s\src\hotspot\share\interpreter\linkResolver.cpp, line 784]
Event: 32.832 Thread 0x0000023ec0a76850 Implicit null exception at 0x0000023ead4bf666 to 0x0000023ead4c01ec

ZGC Phase Switch (0 events):
No events

VM Operations (20 events):
Event: 32.733 Executing VM operation: G1TryInitiateConcMark (G1 Humongous Allocation)
Event: 32.742 Executing VM operation: G1TryInitiateConcMark (G1 Humongous Allocation) done
Event: 32.795 Executing VM operation: G1PauseRemark
Event: 32.804 Executing VM operation: G1PauseRemark done
Event: 32.820 Executing VM operation: G1PauseCleanup
Event: 32.821 Executing VM operation: G1PauseCleanup done
Event: 33.493 Executing VM operation: G1CollectForAllocation (G1 Evacuation Pause)
Event: 33.544 Executing VM operation: G1CollectForAllocation (G1 Evacuation Pause) done
Event: 33.755 Executing VM operation: HandshakeAllThreads (Deoptimize)
Event: 33.755 Executing VM operation: HandshakeAllThreads (Deoptimize) done
Event: 34.769 Executing VM operation: Cleanup
Event: 34.771 Executing VM operation: Cleanup done
Event: 35.761 Executing VM operation: G1CollectForAllocation (G1 Evacuation Pause)
Event: 35.786 Executing VM operation: G1CollectForAllocation (G1 Evacuation Pause) done
Event: 36.048 Executing VM operation: G1TryInitiateConcMark (G1 Humongous Allocation)
Event: 36.061 Executing VM operation: G1TryInitiateConcMark (G1 Humongous Allocation) done
Event: 36.148 Executing VM operation: G1PauseRemark
Event: 36.188 Executing VM operation: G1PauseRemark done
Event: 36.213 Executing VM operation: G1PauseCleanup
Event: 36.213 Executing VM operation: G1PauseCleanup done

Events (20 events):
Event: 36.178 Thread 0x0000023eba1f1fa0 flushing nmethod 0x0000023ea58ade10
Event: 36.178 Thread 0x0000023eba1f1fa0 flushing nmethod 0x0000023ea5896810
Event: 36.178 Thread 0x0000023eba1f1fa0 flushing nmethod 0x0000023ea5813810
Event: 36.178 Thread 0x0000023eba1f1fa0 flushing nmethod 0x0000023ea584e990
Event: 36.178 Thread 0x0000023eba1f1fa0 flushing nmethod 0x0000023ea5808d90
Event: 36.178 Thread 0x0000023eba1f1fa0 flushing nmethod 0x0000023ea5812590
Event: 36.178 Thread 0x0000023eba1f1fa0 flushing nmethod 0x0000023ead678390
Event: 36.178 Thread 0x0000023eba1f1fa0 flushing nmethod 0x0000023ead667c10
Event: 36.178 Thread 0x0000023eba1f1fa0 flushing nmethod 0x0000023ead5c3710
Event: 36.178 Thread 0x0000023eba1f1fa0 flushing nmethod 0x0000023ead53f910
Event: 36.178 Thread 0x0000023eba1f1fa0 flushing nmethod 0x0000023ead456d90
Event: 36.178 Thread 0x0000023eba1f1fa0 flushing nmethod 0x0000023ead44f590
Event: 36.178 Thread 0x0000023eba1f1fa0 flushing nmethod 0x0000023ead377890
Event: 36.178 Thread 0x0000023eba1f1fa0 flushing nmethod 0x0000023ead3e1010
Event: 36.178 Thread 0x0000023eba1f1fa0 flushing nmethod 0x0000023ead3a7710
Event: 36.178 Thread 0x0000023eba1f1fa0 flushing nmethod 0x0000023ead372390
Event: 36.178 Thread 0x0000023eba1f1fa0 flushing nmethod 0x0000023ead379a90
Event: 36.178 Thread 0x0000023eba1f1fa0 flushing nmethod 0x0000023ead379090
Event: 36.178 Thread 0x0000023eba1f1fa0 flushing nmethod 0x0000023ead343490
Event: 36.178 Thread 0x0000023eba1f1fa0 flushing nmethod 0x0000023ead2eb990


Dynamic libraries:
0x00007ff712000000 - 0x00007ff71200a000 	C:\Program Files\Android\Android Studio\jbr\bin\java.exe
0x00007fff951d0000 - 0x00007fff953e7000 	C:\Windows\SYSTEM32\ntdll.dll
0x00007fff93770000 - 0x00007fff93834000 	C:\Windows\System32\KERNEL32.DLL
0x00007fff927a0000 - 0x00007fff92b5a000 	C:\Windows\System32\KERNELBASE.dll
0x00007fff92540000 - 0x00007fff92651000 	C:\Windows\System32\ucrtbase.dll
0x00007fff6f660000 - 0x00007fff6f678000 	C:\Program Files\Android\Android Studio\jbr\bin\jli.dll
0x00007fff8deb0000 - 0x00007fff8decb000 	C:\Program Files\Android\Android Studio\jbr\bin\VCRUNTIME140.dll
0x00007fff930c0000 - 0x00007fff9326e000 	C:\Windows\System32\USER32.dll
0x00007fff92c80000 - 0x00007fff92ca6000 	C:\Windows\System32\win32u.dll
0x00007fff94b30000 - 0x00007fff94b59000 	C:\Windows\System32\GDI32.dll
0x00007fff92b60000 - 0x00007fff92c7b000 	C:\Windows\System32\gdi32full.dll
0x00007fff924a0000 - 0x00007fff9253a000 	C:\Windows\System32\msvcp_win.dll
0x00007fff74fe0000 - 0x00007fff75272000 	C:\Windows\WinSxS\amd64_microsoft.windows.common-controls_6595b64144ccf1df_6.0.22621.4541_none_2710d1c57384c085\COMCTL32.dll
0x00007fff92f50000 - 0x00007fff92ff7000 	C:\Windows\System32\msvcrt.dll
0x00007fff95140000 - 0x00007fff95171000 	C:\Windows\System32\IMM32.DLL
0x00007fff8dc70000 - 0x00007fff8dc7c000 	C:\Program Files\Android\Android Studio\jbr\bin\vcruntime140_1.dll
0x00007fff4e740000 - 0x00007fff4e7cd000 	C:\Program Files\Android\Android Studio\jbr\bin\msvcp140.dll
0x00007fff00340000 - 0x00007fff00fbd000 	C:\Program Files\Android\Android Studio\jbr\bin\server\jvm.dll
0x00007fff93300000 - 0x00007fff933b2000 	C:\Windows\System32\ADVAPI32.dll
0x00007fff94a80000 - 0x00007fff94b27000 	C:\Windows\System32\sechost.dll
0x00007fff92d30000 - 0x00007fff92d58000 	C:\Windows\System32\bcrypt.dll
0x00007fff93f20000 - 0x00007fff94034000 	C:\Windows\System32\RPCRT4.dll
0x00007fff93840000 - 0x00007fff938b1000 	C:\Windows\System32\WS2_32.dll
0x00007fff921c0000 - 0x00007fff9220d000 	C:\Windows\SYSTEM32\POWRPROF.dll
0x00007fff88710000 - 0x00007fff8871a000 	C:\Windows\SYSTEM32\VERSION.dll
0x00007fff8c540000 - 0x00007fff8c574000 	C:\Windows\SYSTEM32\WINMM.dll
0x00007fff921a0000 - 0x00007fff921b3000 	C:\Windows\SYSTEM32\UMPDC.dll
0x00007fff914c0000 - 0x00007fff914d8000 	C:\Windows\SYSTEM32\kernel.appcore.dll
0x00007fff8dc60000 - 0x00007fff8dc6a000 	C:\Program Files\Android\Android Studio\jbr\bin\jimage.dll
0x00007fff8fe50000 - 0x00007fff90082000 	C:\Windows\SYSTEM32\DBGHELP.DLL
0x00007fff938c0000 - 0x00007fff93c4f000 	C:\Windows\System32\combase.dll
0x00007fff93450000 - 0x00007fff93527000 	C:\Windows\System32\OLEAUT32.dll
0x00007fff7b9f0000 - 0x00007fff7ba22000 	C:\Windows\SYSTEM32\dbgcore.DLL
0x00007fff92cb0000 - 0x00007fff92d2b000 	C:\Windows\System32\bcryptPrimitives.dll
0x00007fff700d0000 - 0x00007fff700de000 	C:\Program Files\Android\Android Studio\jbr\bin\instrument.dll
0x00007fff8dbb0000 - 0x00007fff8dbcf000 	C:\Program Files\Android\Android Studio\jbr\bin\java.dll
0x00007fff8db90000 - 0x00007fff8dba8000 	C:\Program Files\Android\Android Studio\jbr\bin\zip.dll
0x00007fff94040000 - 0x00007fff948b8000 	C:\Windows\System32\SHELL32.dll
0x00007fff90390000 - 0x00007fff90c98000 	C:\Windows\SYSTEM32\windows.storage.dll
0x00007fff90250000 - 0x00007fff9038f000 	C:\Windows\SYSTEM32\wintypes.dll
0x00007fff93e20000 - 0x00007fff93f1a000 	C:\Windows\System32\SHCORE.dll
0x00007fff950e0000 - 0x00007fff9513e000 	C:\Windows\System32\shlwapi.dll
0x00007fff923d0000 - 0x00007fff923fb000 	C:\Windows\SYSTEM32\profapi.dll
0x00007fff8dc40000 - 0x00007fff8dc50000 	C:\Program Files\Android\Android Studio\jbr\bin\net.dll
0x00007fff8d5c0000 - 0x00007fff8d6f6000 	C:\Windows\SYSTEM32\WINHTTP.dll
0x00007fff91960000 - 0x00007fff919c9000 	C:\Windows\system32\mswsock.dll
0x00007fff8c630000 - 0x00007fff8c646000 	C:\Program Files\Android\Android Studio\jbr\bin\nio.dll
0x00007fff866b0000 - 0x00007fff866c0000 	C:\Program Files\Android\Android Studio\jbr\bin\verify.dll
0x00007fff865b0000 - 0x00007fff865d7000 	C:\Users\kasth\.gradle\native\c067742578af261105cb4f569cf0c3c89f3d7b1fecec35dd04571415982c5e48\windows-amd64\native-platform.dll
0x00007fff04f80000 - 0x00007fff050c4000 	C:\Users\kasth\.gradle\native\100fb08df4bc3b14c8652ba06237920a3bd2aa13389f12d3474272988ae205f9\windows-amd64\native-platform-file-events.dll
0x00007fff8a360000 - 0x00007fff8a369000 	C:\Program Files\Android\Android Studio\jbr\bin\management.dll
0x00007fff8a350000 - 0x00007fff8a35b000 	C:\Program Files\Android\Android Studio\jbr\bin\management_ext.dll
0x00007fff93760000 - 0x00007fff93768000 	C:\Windows\System32\PSAPI.DLL
0x00007fff91bb0000 - 0x00007fff91bcb000 	C:\Windows\SYSTEM32\CRYPTSP.dll
0x00007fff91420000 - 0x00007fff91455000 	C:\Windows\system32\rsaenh.dll
0x00007fff91a50000 - 0x00007fff91a78000 	C:\Windows\SYSTEM32\USERENV.dll
0x00007fff91bd0000 - 0x00007fff91bdc000 	C:\Windows\SYSTEM32\CRYPTBASE.dll
0x00007fff90f00000 - 0x00007fff90f2d000 	C:\Windows\SYSTEM32\IPHLPAPI.DLL
0x00007fff93270000 - 0x00007fff93279000 	C:\Windows\System32\NSI.dll
0x00007fff8db80000 - 0x00007fff8db89000 	C:\Program Files\Android\Android Studio\jbr\bin\extnet.dll
0x00007fff291d0000 - 0x00007fff291d8000 	C:\Windows\system32\wshunix.dll

dbghelp: loaded successfully - version: 4.0.5 - missing functions: none
symbol engine: initialized successfully - sym options: 0x614 - pdb path: .;C:\Program Files\Android\Android Studio\jbr\bin;C:\Windows\SYSTEM32;C:\Windows\WinSxS\amd64_microsoft.windows.common-controls_6595b64144ccf1df_6.0.22621.4541_none_2710d1c57384c085;C:\Program Files\Android\Android Studio\jbr\bin\server;C:\Users\kasth\.gradle\native\c067742578af261105cb4f569cf0c3c89f3d7b1fecec35dd04571415982c5e48\windows-amd64;C:\Users\kasth\.gradle\native\100fb08df4bc3b14c8652ba06237920a3bd2aa13389f12d3474272988ae205f9\windows-amd64

VM Arguments:
jvm_args: --add-opens=java.base/java.util=ALL-UNNAMED --add-opens=java.base/java.lang=ALL-UNNAMED --add-opens=java.base/java.lang.invoke=ALL-UNNAMED --add-opens=java.prefs/java.util.prefs=ALL-UNNAMED --add-exports=jdk.compiler/com.sun.tools.javac.api=ALL-UNNAMED --add-exports=jdk.compiler/com.sun.tools.javac.util=ALL-UNNAMED --add-opens=java.base/java.nio.charset=ALL-UNNAMED --add-opens=java.base/java.net=ALL-UNNAMED --add-opens=java.base/java.util.concurrent.atomic=ALL-UNNAMED -Xmx2048m -Dfile.encoding=UTF-8 -Duser.country=IN -Duser.language=en -Duser.variant -javaagent:C:\Users\kasth\.gradle\wrapper\dists\gradle-8.9-bin\90cnw93cvbtalezasaz0blq0a\gradle-8.9\lib\agents\gradle-instrumentation-agent-8.9.jar 
java_command: org.gradle.launcher.daemon.bootstrap.GradleDaemon 8.9
java_class_path (initial): C:\Users\kasth\.gradle\wrapper\dists\gradle-8.9-bin\90cnw93cvbtalezasaz0blq0a\gradle-8.9\lib\gradle-daemon-main-8.9.jar
Launcher Type: SUN_STANDARD

[Global flags]
     intx CICompilerCount                          = 4                                         {product} {ergonomic}
     uint ConcGCThreads                            = 3                                         {product} {ergonomic}
     uint G1ConcRefinementThreads                  = 10                                        {product} {ergonomic}
   size_t G1HeapRegionSize                         = 1048576                                   {product} {ergonomic}
    uintx GCDrainStackTargetSize                   = 64                                        {product} {ergonomic}
   size_t InitialHeapSize                          = 98566144                                  {product} {ergonomic}
   size_t MarkStackSize                            = 4194304                                   {product} {ergonomic}
   size_t MaxHeapSize                              = 2147483648                                {product} {command line}
   size_t MaxNewSize                               = 1287651328                                {product} {ergonomic}
   size_t MinHeapDeltaBytes                        = 1048576                                   {product} {ergonomic}
   size_t MinHeapSize                              = 8388608                                   {product} {ergonomic}
    uintx NonNMethodCodeHeapSize                   = 5839372                                {pd product} {ergonomic}
    uintx NonProfiledCodeHeapSize                  = 122909434                              {pd product} {ergonomic}
    uintx ProfiledCodeHeapSize                     = 122909434                              {pd product} {ergonomic}
    uintx ReservedCodeCacheSize                    = 251658240                              {pd product} {ergonomic}
     bool SegmentedCodeCache                       = true                                      {product} {ergonomic}
   size_t SoftMaxHeapSize                          = 2147483648                             {manageable} {ergonomic}
     bool UseCompressedOops                        = true                           {product lp64_product} {ergonomic}
     bool UseG1GC                                  = true                                      {product} {ergonomic}
     bool UseLargePagesIndividualAllocation        = false                                  {pd product} {ergonomic}

Logging:
Log output configuration:
 #0: stdout all=warning uptime,level,tags foldmultilines=false
 #1: stderr all=off uptime,level,tags foldmultilines=false

Environment Variables:
CLASSPATH=C:\Program Files\Java\jdk-17\bin;.;
PATH=C:\Program Files\Python313\Scripts\;C:\Program Files\Python313\;C:\Windows\system32;C:\Windows;C:\Windows\System32\Wbem;C:\Windows\System32\WindowsPowerShell\v1.0\;C:\Windows\System32\OpenSSH\;C:\Program Files\Git\cmd;C:\Program Files\MySQL\MySQL Shell 8.0\bin\;C:\Users\kasth\AppData\Local\Microsoft\WindowsApps;C:\Users\kasth\AppData\Local\Programs\Microsoft VS Code\bin;C:\Program Files\JetBrains\IntelliJ IDEA 2024.3\bin;
USERNAME=kasth
OS=Windows_NT
PROCESSOR_IDENTIFIER=AMD64 Family 23 Model 104 Stepping 1, AuthenticAMD
TMP=C:\Users\kasth\AppData\Local\Temp
TEMP=C:\Users\kasth\AppData\Local\Temp




Periodic native trim disabled

JNI global refs:
JNI global refs: 27, weak refs: 0

JNI global refs memory usage: 835, weak refs: 833

Process memory usage:
Resident Set Size: 380760K (6% of 6133188K total physical memory with 79408K free physical memory)

OOME stack traces (most recent first):
Classloader memory used:
Loader org.gradle.internal.classloader.VisitableURLClassLoader                         : 56473K
Loader bootstrap                                                                       : 23551K
Loader org.gradle.initialization.MixInLegacyTypesClassLoader                           : 10787K
Loader org.gradle.internal.classloader.VisitableURLClassLoader                         : 940K
Loader org.gradle.internal.classloader.VisitableURLClassLoader$InstrumentingVisitableURLClassLoader: 690K
Loader jdk.internal.loader.ClassLoaders$PlatformClassLoader                            : 518K
Loader jdk.internal.jrtfs.JrtFileSystemProvider$JrtFsLoader                            : 300K
Loader jdk.internal.reflect.DelegatingClassLoader                                      : 251K
Loader jdk.internal.loader.ClassLoaders$AppClassLoader                                 : 230K
Loader org.gradle.groovy.scripts.internal.DefaultScriptCompilationHandler$ScriptClassLoader: 88488B
Loader org.codehaus.groovy.runtime.callsite.CallSiteClassLoader                        : 48768B

Classes loaded by more than one classloader:
Class org.gradle.api.GradleException                                                  : loaded 3 times (x 79B)
Class Program                                                                         : loaded 3 times (x 69B)
Class org.gradle.internal.classloader.ClassLoaderHierarchy                            : loaded 2 times (x 67B)
Class org.gradle.api.internal.classpath.ManifestUtil                                  : loaded 2 times (x 68B)
Class org.jetbrains.plugins.gradle.model.GradleExtensions                             : loaded 2 times (x 67B)
Class org.jetbrains.plugins.gradle.model.AnnotationProcessingModel                    : loaded 2 times (x 67B)
Class jdk.internal.jimage.decompressor.StringSharingDecompressorFactory               : loaded 2 times (x 71B)
Class org.gradle.internal.operations.MultipleBuildOperationFailures                   : loaded 2 times (x 92B)
Class org.jetbrains.kotlin.idea.gradleTooling.model.noarg.NoArgModel                  : loaded 2 times (x 67B)
Class org.gradle.internal.classloader.DefaultClassLoaderFactory                       : loaded 2 times (x 79B)
Class kotlin.collections.AbstractList$Companion                                       : loaded 2 times (x 68B)
Class org.gradle.internal.classloader.ClassLoaderVisitor                              : loaded 2 times (x 73B)
Class org.gradle.api.internal.classpath.EffectiveClassPath                            : loaded 2 times (x 87B)
Class org.gradle.tooling.internal.gradle.DefaultProjectIdentifier                     : loaded 2 times (x 83B)
Class org.jetbrains.kotlin.idea.gradleTooling.model.allopen.AllOpenModel              : loaded 2 times (x 67B)
Class org.gradle.api.internal.DefaultClassPathProvider                                : loaded 2 times (x 73B)
Class [Lorg.gradle.api.internal.ClassPathProvider;                                    : loaded 2 times (x 66B)
Class org.gradle.api.internal.ClassPathProvider                                       : loaded 2 times (x 67B)
Class jdk.internal.jrtfs.SystemImage                                                  : loaded 2 times (x 71B)
Class org.gradle.internal.service.UnknownServiceException                             : loaded 2 times (x 80B)
Class org.jetbrains.kotlin.idea.gradleTooling.KotlinDslScriptAdditionalTask           : loaded 2 times (x 67B)
Class sync_studio_tooling6_cdxezzqvs6d2cagvn3h2ptiin                                  : loaded 2 times (x 176B)
Class org.gradle.internal.classpath.TransformedClassPath                              : loaded 2 times (x 93B)
Class jdk.internal.jrtfs.SystemImage$1                                                : loaded 2 times (x 75B)
Class kotlin.enums.EnumEntriesList                                                    : loaded 2 times (x 220B)
Class jdk.internal.jrtfs.SystemImage$2                                                : loaded 2 times (x 73B)
Class org.jetbrains.plugins.gradle.model.IntelliJSettings                             : loaded 2 times (x 67B)
Class jdk.internal.jimage.BasicImageReader                                            : loaded 2 times (x 92B)
Class ijInit1_a7apin4u0cvhoa76cqive9plq                                               : loaded 2 times (x 176B)
Class org.gradle.internal.service.ServiceLocator                                      : loaded 2 times (x 67B)
Class jdk.internal.jrtfs.JrtFileSystemProvider                                        : loaded 2 times (x 98B)
Class org.jetbrains.kotlin.android.synthetic.idea.AndroidExtensionsGradleModel        : loaded 2 times (x 67B)
Class org.gradle.tooling.model.UnsupportedMethodException                             : loaded 2 times (x 79B)
Class jdk.internal.jimage.ImageLocation                                               : loaded 2 times (x 87B)
Class jdk.internal.jrtfs.JrtDirectoryStream$1                                         : loaded 2 times (x 80B)
Class org.gradle.internal.InternalTransformer                                         : loaded 2 times (x 67B)
Class jdk.internal.jimage.ImageBufferCache$1                                          : loaded 2 times (x 80B)
Class org.gradle.internal.time.DefaultTimer                                           : loaded 2 times (x 77B)
Class org.gradle.internal.classloader.ClasspathUtil$1                                 : loaded 2 times (x 73B)
Class jdk.internal.jimage.ImageBufferCache$2                                          : loaded 2 times (x 88B)
Class org.gradle.api.internal.classpath.DefaultModuleRegistry$DefaultModule           : loaded 2 times (x 83B)
Class org.jetbrains.kotlin.idea.gradleTooling.model.lombok.LombokModel                : loaded 2 times (x 67B)
Class org.gradle.internal.time.DefaultCountdownTimer                                  : loaded 2 times (x 85B)
Class org.gradle.tooling.internal.gradle.DefaultBuildIdentifier                       : loaded 2 times (x 76B)
Class kotlin.Function                                                                 : loaded 2 times (x 67B)
Class org.gradle.api.internal.classpath.Module                                        : loaded 2 times (x 67B)
Class org.gradle.api.internal.classpath.UnknownModuleException                        : loaded 2 times (x 79B)
Class jdk.internal.jimage.ImageHeader                                                 : loaded 2 times (x 68B)
Class com.intellij.openapi.externalSystem.model.project.dependencies.ProjectDependencies: loaded 2 times (x 67B)
Class org.gradle.tooling.internal.gradle.GradleProjectIdentity                        : loaded 2 times (x 67B)
Class org.gradle.api.internal.DefaultClassPathRegistry                                : loaded 2 times (x 73B)
Class org.gradle.api.internal.ClassPathRegistry                                       : loaded 2 times (x 67B)
Class org.gradle.internal.classpath.DefaultClassPath$ImmutableUniqueList              : loaded 2 times (x 196B)
Class jdk.internal.jimage.decompressor.ResourceDecompressor                           : loaded 2 times (x 67B)
Class org.jetbrains.kotlin.idea.gradleTooling.KotlinSourceSetContainer                : loaded 2 times (x 67B)
Class Settings_gradle$1                                                               : loaded 2 times (x 71B)
Class org.gradle.internal.classpath.ClassPath                                         : loaded 2 times (x 67B)
Class org.gradle.api.UncheckedIOException                                             : loaded 2 times (x 79B)
Class org.jetbrains.kotlin.idea.gradleTooling.KotlinGradleModel                       : loaded 2 times (x 67B)
Class jdk.internal.jimage.ImageStringsReader                                          : loaded 2 times (x 77B)
Class org.gradle.tooling.model.Model                                                  : loaded 2 times (x 67B)
Class kotlin.UninitializedPropertyAccessException                                     : loaded 2 times (x 79B)
Class jdk.internal.jimage.ImageReader                                                 : loaded 2 times (x 72B)
Class org.jetbrains.plugins.gradle.model.IntelliJProjectSettings                      : loaded 2 times (x 67B)
Class org.jetbrains.kotlin.idea.gradleTooling.model.annotation.AnnotationBasedPluginModel: loaded 2 times (x 67B)
Class jdk.internal.jimage.ImageReader$SharedImageReader                               : loaded 2 times (x 92B)
Class org.gradle.internal.installation.GradleInstallation$1                           : loaded 2 times (x 72B)
Class org.gradle.api.internal.classpath.ModuleRegistry                                : loaded 2 times (x 67B)
Class jdk.internal.jimage.decompressor.ResourceDecompressorFactory                    : loaded 2 times (x 71B)
Class org.jetbrains.plugins.gradle.model.VersionCatalogsModel                         : loaded 2 times (x 67B)
Class jdk.internal.jimage.ImageReader$Node                                            : loaded 2 times (x 81B)
Class org.gradle.api.internal.classpath.DefaultModuleRegistry                         : loaded 2 times (x 80B)
Class jdk.internal.jimage.BasicImageReader$1                                          : loaded 2 times (x 74B)
Class jdk.internal.jimage.decompressor.Decompressor                                   : loaded 2 times (x 69B)
Class jdk.internal.jimage.ImageReader$Resource                                        : loaded 2 times (x 81B)
Class org.gradle.internal.time.MonotonicClock                                         : loaded 2 times (x 74B)
Class org.gradle.internal.service.ServiceLookupException                              : loaded 2 times (x 79B)
Class jdk.internal.jrtfs.JrtFileAttributes                                            : loaded 2 times (x 80B)
Class org.gradle.internal.classloader.ClassLoaderFactory                              : loaded 2 times (x 67B)
Class org.gradle.internal.service.CachingServiceLocator                               : loaded 2 times (x 79B)
Class org.jetbrains.plugins.gradle.model.RepositoryModels                             : loaded 2 times (x 67B)
Class org.gradle.internal.time.TimeSource                                             : loaded 2 times (x 67B)
Class org.gradle.tooling.internal.gradle.GradleBuildIdentity                          : loaded 2 times (x 67B)
Class kotlin.enums.EnumEntries                                                        : loaded 2 times (x 67B)
Class org.gradle.internal.exceptions.ResolutionProvider                               : loaded 2 times (x 67B)
Class jdk.internal.jimage.ImageBufferCache                                            : loaded 2 times (x 68B)
Class jdk.internal.jrtfs.JrtPath                                                      : loaded 2 times (x 115B)
Class org.gradle.tooling.model.ProjectIdentifier                                      : loaded 2 times (x 67B)
Class org.gradle.internal.classloader.ClasspathUtil                                   : loaded 2 times (x 68B)
Class org.gradle.internal.time.TimeSource$1                                           : loaded 2 times (x 74B)
Class kotlin.jvm.internal.DefaultConstructorMarker                                    : loaded 2 times (x 68B)
Class org.gradle.api.specs.Spec                                                       : loaded 2 times (x 67B)
Class jdk.internal.jimage.ImageReader$SharedImageReader$LocationVisitor               : loaded 2 times (x 67B)
Class jdk.internal.jimage.decompressor.ResourceDecompressorRepository                 : loaded 2 times (x 68B)
Class org.gradle.internal.time.Clock                                                  : loaded 2 times (x 67B)
Class jdk.internal.jimage.ImageReader$Directory                                       : loaded 2 times (x 81B)
Class org.jetbrains.plugins.gradle.model.jar.JarTaskManifestConfiguration             : loaded 2 times (x 67B)
Class kotlin.collections.AbstractList                                                 : loaded 2 times (x 194B)
Class kotlin.collections.AbstractCollection                                           : loaded 2 times (x 114B)
Class org.gradle.internal.classloader.VisitableURLClassLoader$InstrumentingVisitableURLClassLoader: loaded 2 times (x 120B)
Class org.gradle.internal.classloader.VisitableURLClassLoader$Spec                    : loaded 2 times (x 71B)
Class org.gradle.internal.classpath.DefaultClassPath                                  : loaded 2 times (x 87B)
Class jdk.internal.jimage.decompressor.ZipDecompressorFactory                         : loaded 2 times (x 71B)
Class org.gradle.internal.classloader.ClassLoaderSpec                                 : loaded 2 times (x 68B)
Class Settings_gradle$1$1                                                             : loaded 2 times (x 71B)
Class org.gradle.internal.classloader.VisitableURLClassLoader                         : loaded 2 times (x 114B)
Class Settings_gradle                                                                 : loaded 2 times (x 125B)
Class org.gradle.internal.Cast                                                        : loaded 2 times (x 68B)
Class org.gradle.api.Action                                                           : loaded 2 times (x 67B)
Class jdk.internal.jimage.decompressor.ZipDecompressor                                : loaded 2 times (x 72B)
Class kotlin.jvm.functions.Function1                                                  : loaded 2 times (x 67B)
Class org.gradle.internal.agents.InstrumentingClassLoader                             : loaded 2 times (x 67B)
Class org.gradle.internal.classpath.DefaultClassPath$ImmutableUniqueList$Builder      : loaded 2 times (x 72B)
Class org.jetbrains.kotlin.idea.gradleTooling.model.samWithReceiver.SamWithReceiverModel: loaded 2 times (x 67B)
Class org.gradle.internal.classloader.FilteringClassLoader                            : loaded 2 times (x 102B)
Class org.gradle.internal.exceptions.NonGradleCauseExceptionsHolder                   : loaded 2 times (x 67B)
Class jdk.internal.jimage.ImageStrings                                                : loaded 2 times (x 67B)
Class org.jetbrains.kotlin.idea.gradleTooling.model.assignment.AssignmentModel        : loaded 2 times (x 67B)
Class kotlin.enums.EnumEntriesKt                                                      : loaded 2 times (x 68B)
Class org.gradle.internal.IoActions                                                   : loaded 2 times (x 68B)
Class org.gradle.internal.classloader.SystemClassLoaderSpec                           : loaded 2 times (x 68B)
Class org.gradle.internal.exceptions.MultiCauseException                              : loaded 2 times (x 67B)
Class org.gradle.internal.time.CountdownTimer                                         : loaded 2 times (x 67B)
Class kotlin.jvm.internal.Intrinsics                                                  : loaded 2 times (x 68B)
Class jdk.internal.jrtfs.JrtFileSystem                                                : loaded 2 times (x 99B)
Class org.jetbrains.kotlin.idea.gradleTooling.model.parcelize.ParcelizeGradleModel    : loaded 2 times (x 67B)
Class org.gradle.tooling.model.ProjectModel                                           : loaded 2 times (x 67B)
Class jdk.internal.jimage.decompressor.CompressedResourceHeader                       : loaded 2 times (x 68B)
Class kotlin.KotlinNullPointerException                                               : loaded 2 times (x 80B)
Class org.jetbrains.plugins.gradle.model.tests.ExternalTestsModel                     : loaded 2 times (x 67B)
Class org.gradle.internal.exceptions.DefaultMultiCauseException                       : loaded 2 times (x 92B)
Class org.gradle.internal.time.Time                                                   : loaded 2 times (x 68B)
Class org.jetbrains.plugins.gradle.model.DependencyAccessorsModel                     : loaded 2 times (x 67B)
Class org.jetbrains.kotlin.idea.gradleTooling.KotlinMPPGradleModel                    : loaded 2 times (x 67B)
Class org.gradle.tooling.model.BuildIdentifier                                        : loaded 2 times (x 67B)
Class org.jetbrains.kotlin.idea.gradleTooling.PrepareKotlinIdeImportTaskModel         : loaded 2 times (x 67B)
Class org.gradle.internal.time.Timer                                                  : loaded 2 times (x 67B)
Class kotlin.jvm.internal.markers.KMappedMarker                                       : loaded 2 times (x 67B)
Class org.gradle.internal.installation.CurrentGradleInstallationLocator               : loaded 2 times (x 68B)
Class org.gradle.internal.service.DefaultServiceLocator                               : loaded 2 times (x 80B)
Class jdk.internal.jrtfs.JrtDirectoryStream                                           : loaded 2 times (x 86B)
Class org.gradle.util.GradleVersion                                                   : loaded 2 times (x 80B)
Class org.gradle.internal.installation.CurrentGradleInstallation                      : loaded 2 times (x 70B)
Class org.gradle.util.internal.GUtil                                                  : loaded 2 times (x 68B)
Class org.gradle.internal.installation.GradleInstallation                             : loaded 2 times (x 72B)
Class jdk.internal.jimage.decompressor.ResourceDecompressor$StringsProvider           : loaded 2 times (x 67B)

---------------  S Y S T E M  ---------------

OS:
 Windows 11 , 64 bit Build 22621 (10.0.22621.4391)
OS uptime: 1 days 15:34 hours
Hyper-V role detected

CPU: total 12 (initial active 12) (12 cores per cpu, 2 threads per core) family 23 model 104 stepping 1 microcode 0x0, cx8, cmov, fxsr, ht, mmx, 3dnowpref, sse, sse2, sse3, ssse3, sse4a, sse4.1, sse4.2, popcnt, lzcnt, tsc, tscinvbit, avx, avx2, aes, clmul, bmi1, bmi2, adx, sha, fma, vzeroupper, clflush, clflushopt, hv, rdtscp, rdpid, f16c
Processor Information for processor 0
  Max Mhz: 2100, Current Mhz: 2100, Mhz Limit: 2100
Processor Information for processor 1
  Max Mhz: 2100, Current Mhz: 2100, Mhz Limit: 2100
Processor Information for processor 2
  Max Mhz: 2100, Current Mhz: 2100, Mhz Limit: 2100
Processor Information for processor 3
  Max Mhz: 2100, Current Mhz: 1988, Mhz Limit: 2100
Processor Information for processor 4
  Max Mhz: 2100, Current Mhz: 2100, Mhz Limit: 2100
Processor Information for processor 5
  Max Mhz: 2100, Current Mhz: 2100, Mhz Limit: 2100
Processor Information for processor 6
  Max Mhz: 2100, Current Mhz: 2100, Mhz Limit: 2100
Processor Information for processor 7
  Max Mhz: 2100, Current Mhz: 2100, Mhz Limit: 2100
Processor Information for processor 8
  Max Mhz: 2100, Current Mhz: 2100, Mhz Limit: 2100
Processor Information for processor 9
  Max Mhz: 2100, Current Mhz: 2100, Mhz Limit: 2100
Processor Information for processor 10
  Max Mhz: 2100, Current Mhz: 2100, Mhz Limit: 2100
Processor Information for processor 11
  Max Mhz: 2100, Current Mhz: 2100, Mhz Limit: 2100

Memory: 4k page, system-wide physical 5989M (78M free)
TotalPageFile size 24421M (AvailPageFile size 0M)
current process WorkingSet (physical memory assigned to process): 372M, peak: 373M
current process commit charge ("private bytes"): 514M, peak: 514M

vm_info: OpenJDK 64-Bit Server VM (21.0.3+-12282718-b509.11) for windows-amd64 JRE (21.0.3+-12282718-b509.11), built on 2024-08-27T17:34:15Z by "builder" with MS VC++ 16.10 / 16.11 (VS2019)

END.
